2019-03-14	2,1735
2019-03-13	2,1545
2019-03-12	2,136
2019-03-11	2,1375
2019-03-08	2,119
2019-03-07	2,1335
2019-03-06	2,182
2019-03-05	2,1615
2019-03-04	2,1655
2019-03-01	2,158
2019-02-28	2,169
2019-02-27	2,1315
2019-02-26	2,0765
2019-02-25	2,0845
2019-02-22	2,042
2019-02-21	2,04
2019-02-20	2,0565
2019-02-19	2,0555
2019-02-18	2,065
2019-02-15	2,047
2019-02-14	1,984
2019-02-13	2,013
2019-02-12	2,006
2019-02-11	1,9996
2019-02-08	1,9754
2019-02-07	1,9844
2019-02-06	2,0405
2019-02-05	1,9928
2019-02-04	1,9616
2019-02-01	1,9626
2019-01-31	1,9948
2019-01-30	2,061
2019-01-29	2,0485
2019-01-28	2,0455
2019-01-25	2,0645
2019-01-24	2,028
2019-01-23	2,039
2019-01-22	2,0265
2019-01-21	2,039
2019-01-18	2,0385
2019-01-17	2,0135
2019-01-16	2,03
2019-01-15	1,957
2019-01-14	1,9818
2019-01-11	2,011
2019-01-10	2,021
2019-01-09	2,0065
2019-01-08	2,0095
2019-01-07	2,033
2019-01-04	1,9992
2019-01-03	1,9014
2019-01-02	1,9064
2018-12-28	1,9398
2018-12-27	1,909
2018-12-21	1,9122
2018-12-20	1,945
2018-12-19	2,019
2018-12-18	1,985
2018-12-17	1,973
2018-12-14	2,014
2018-12-13	2,032
2018-12-12	2,013
2018-12-11	1,934
2018-12-10	1,9396
2018-12-07	1,982
2018-12-06	1,9734
2018-12-05	2,0805
2018-12-04	2,064
2018-12-03	2,1125
2018-11-30	2,048
2018-11-29	2,0325
2018-11-28	2,054
2018-11-27	2,0395
2018-11-26	2,0405
2018-11-23	1,9522
2018-11-22	1,9318
2018-11-21	1,932
2018-11-20	1,8788
2018-11-19	1,9262
2018-11-16	1,9194
2018-11-15	1,9538
2018-11-14	1,9788
2018-11-13	2,0025
2018-11-12	1,9602
2018-11-09	2,0055
2018-11-08	2,029
2018-11-07	2,055
2018-11-06	2,0015
2018-11-05	1,9762
2018-11-02	2,0065
2018-11-01	1,9858
2018-10-31	1,953
2018-10-30	1,992
2018-10-29	1,9966
2018-10-26	1,9378
2018-10-25	1,9532
2018-10-24	1,9006
2018-10-23	1,9682
2018-10-22	1,9676
2018-10-19	1,9842
2018-10-18	1,979
2018-10-17	2,0465
2018-10-16	2,07
2018-10-15	2,0415
2018-10-12	2,026
2018-10-11	2,034
2018-10-10	2,0855
2018-10-09	2,0745
2018-10-08	2,03
2018-10-05	2,0985
2018-10-04	2,165
2018-10-03	2,1195
2018-10-02	2,108
2018-10-01	2,115
2018-09-28	2,201
2018-09-27	2,404
2018-09-26	2,4325
2018-09-25	2,47
2018-09-24	2,397
2018-09-21	2,4485
2018-09-20	2,4155
2018-09-19	2,4275
2018-09-18	2,3955
2018-09-17	2,3985
2018-09-14	2,344
2018-09-13	2,329
2018-09-12	2,34
2018-09-11	2,3275
2018-09-10	2,365
2018-09-07	2,2625
2018-09-06	2,3
2018-09-05	2,3315
2018-09-04	2,2835
2018-09-03	2,171
2018-08-31	2,1275
2018-08-30	2,156
2018-08-29	2,208
2018-08-28	2,179
2018-08-27	2,203
2018-08-24	2,2035
2018-08-23	2,2
2018-08-22	2,2105
2018-08-21	2,2425
2018-08-20	2,169
2018-08-17	2,1825
2018-08-16	2,1995
2018-08-14	2,24
2018-08-13	2,26
2018-08-10	2,298
2018-08-09	2,385
2018-08-08	2,4105
2018-08-07	2,44
2018-08-06	2,44
2018-08-03	2,445
2018-08-02	2,416
2018-08-01	2,513
2018-07-31	2,634
2018-07-30	2,53
2018-07-27	2,5095
2018-07-26	2,4775
2018-07-25	2,4465
2018-07-24	2,475
2018-07-23	2,401
2018-07-20	2,4055
2018-07-19	2,4235
2018-07-18	2,4635
2018-07-17	2,48
2018-07-16	2,4555
2018-07-13	2,4605
2018-07-12	2,446
2018-07-11	2,475
2018-07-10	2,5255
2018-07-09	2,5665
2018-07-06	2,5615
2018-07-05	2,565
2018-07-04	2,5315
2018-07-03	2,519
2018-07-02	2,4685
2018-06-29	2,4865
2018-06-28	2,488
2018-06-27	2,44
2018-06-26	2,478
2018-06-25	2,504
2018-06-22	2,588
2018-06-21	2,562
2018-06-20	2,6135
2018-06-19	2,566
2018-06-18	2,5535
2018-06-15	2,5475
2018-06-14	2,594
2018-06-13	2,598
2018-06-12	2,5845
2018-06-11	2,586
2018-06-08	2,425
2018-06-07	2,455
2018-06-06	2,4845
2018-06-05	2,4975
2018-06-04	2,597
2018-06-01	2,5975
2018-05-31	2,5145
2018-05-30	2,521
2018-05-29	2,448
2018-05-28	2,5525
2018-05-25	2,638
2018-05-24	2,7245
2018-05-23	2,75
2018-05-22	2,799
2018-05-21	2,78
2018-05-18	3
2018-05-17	3,0755
2018-05-16	3,1
2018-05-15	3,178
2018-05-14	3,15
2018-05-11	3,146
2018-05-10	3,131
2018-05-09	3,16
2018-05-08	3,1435
2018-05-07	3,1615
2018-05-04	3,1505
2018-05-03	3,153
2018-05-02	3,1685
2018-04-30	3,157
2018-04-27	3,153
2018-04-26	3,173
2018-04-25	3,1535
2018-04-24	3,1955
2018-04-23	3,168
2018-04-20	3,135
2018-04-19	3,1115
2018-04-18	3,11
2018-04-17	3,105
2018-04-16	3,076
2018-04-13	3,067
2018-04-12	3,05
2018-04-11	3,015
2018-04-10	3,036
2018-04-09	3,021
2018-04-06	2,9955
2018-04-05	3,003
2018-04-04	2,9465
2018-04-03	2,957
2018-03-29	2,9535
2018-03-28	2,953
2018-03-27	2,9265
2018-03-26	2,924
2018-03-23	2,9525
2018-03-22	2,987
2018-03-21	3,041
2018-03-20	3,059
2018-03-19	3,04
2018-03-16	3,077
2018-03-15	3,018
2018-03-14	2,9975
2018-03-13	3,043
2018-03-12	3,0515
2018-03-09	3,038
2018-03-08	3,0425
2018-03-07	3,0255
2018-03-06	2,9915
2018-03-05	2,964
2018-03-02	3,0065
2018-03-01	3,073
2018-02-28	3,096
2018-02-27	3,102
2018-02-26	3,085
2018-02-23	3,083
2018-02-22	3,0585
2018-02-21	3,098
2018-02-20	3,089
2018-02-19	3,1075
2018-02-16	3,1375
2018-02-15	3,097
2018-02-14	3,101
2018-02-13	3,0745
2018-02-12	3,105
2018-02-09	3,0835
2018-02-08	3,1475
2018-02-07	3,21
2018-02-06	3,104
2018-02-05	3,0835
2018-02-02	3,1155
2018-02-01	3,1385
2018-01-31	3,1605
2018-01-30	3,146
2018-01-29	3,185
2018-01-26	3,16
2018-01-25	3,122
2018-01-24	3,082
2018-01-23	3,128
2018-01-22	3,126
2018-01-19	3,088
2018-01-18	3,094
2018-01-17	3,058
2018-01-16	3,044
2018-01-15	3,038
2018-01-12	3,026
2018-01-11	2,988
2018-01-10	2,97
2018-01-09	2,84
2018-01-08	2,808
2018-01-05	2,816
2018-01-04	2,822
2018-01-03	2,75
2018-01-02	2,754
2017-12-29	2,77
2017-12-28	2,79
2017-12-27	2,818
2017-12-22	2,84
2017-12-21	2,83
2017-12-20	2,788
2017-12-19	2,792
2017-12-18	2,818
2017-12-15	2,802
2017-12-14	2,808
2017-12-13	2,872
2017-12-12	2,906
2017-12-11	2,876
2017-12-08	2,88
2017-12-07	2,806
2017-12-06	2,774
2017-12-05	2,8
2017-12-04	2,816
2017-12-01	2,768
2017-11-30	2,822
2017-11-29	2,82
2017-11-28	2,776
2017-11-27	2,766
2017-11-24	2,818
2017-11-23	2,816
2017-11-22	2,812
2017-11-21	2,768
2017-11-20	2,768
2017-11-17	2,772
2017-11-16	2,802
2017-11-15	2,8
2017-11-14	2,8
2017-11-13	2,806
2017-11-10	2,83
2017-11-09	2,848
2017-11-08	2,858
2017-11-07	2,85
2017-11-06	2,842
2017-11-03	2,85
2017-11-02	2,866
2017-11-01	2,878
2017-10-31	2,886
2017-10-30	2,912
2017-10-27	2,916
2017-10-26	2,924
2017-10-25	2,896
2017-10-24	2,902
2017-10-23	2,868
2017-10-20	2,868
2017-10-19	2,85
2017-10-18	2,88
2017-10-17	2,858
2017-10-16	2,866
2017-10-13	2,86
2017-10-12	2,858
2017-10-11	2,886
2017-10-10	2,888
2017-10-09	2,912
2017-10-06	2,93
2017-10-05	2,94
2017-10-04	2,934
2017-10-03	2,984
2017-10-02	2,994
2017-09-29	2,992
2017-09-28	2,986
2017-09-27	2,99
2017-09-26	2,974
2017-09-25	2,956
2017-09-22	2,972
2017-09-21	2,97
2017-09-20	2,932
2017-09-19	2,944
2017-09-18	2,932
2017-09-15	2,914
2017-09-14	2,926
2017-09-13	2,902
2017-09-12	2,882
2017-09-11	2,854
2017-09-08	2,812
2017-09-07	2,806
2017-09-06	2,812
2017-09-05	2,816
2017-09-04	2,836
2017-09-01	2,842
2017-08-31	2,836
2017-08-30	2,816
2017-08-29	2,812
2017-08-28	2,864
2017-08-25	2,84
2017-08-24	2,84
2017-08-23	2,834
2017-08-22	2,876
2017-08-21	2,896
2017-08-18	2,916
2017-08-17	2,916
2017-08-16	2,926
2017-08-14	2,864
2017-08-11	2,846
2017-08-10	2,876
2017-08-09	2,884
2017-08-08	2,922
2017-08-07	2,928
2017-08-04	2,92
2017-08-03	2,9
2017-08-02	2,9
2017-08-01	2,916
2017-07-31	2,912
2017-07-28	2,904
2017-07-27	2,906
2017-07-26	2,902
2017-07-25	2,886
2017-07-24	2,864
2017-07-21	2,852
2017-07-20	2,868
2017-07-19	2,856
2017-07-18	2,87
2017-07-17	2,87
2017-07-14	2,864
2017-07-13	2,852
2017-07-12	2,848
2017-07-11	2,834
2017-07-10	2,86
2017-07-07	2,84
2017-07-06	2,866
2017-07-05	2,844
2017-07-04	2,85
2017-07-03	2,85
2017-06-30	2,776
2017-06-29	2,774
2017-06-28	2,812
2017-06-27	2,756
2017-06-26	2,708
2017-06-23	2,616
2017-06-22	2,614
2017-06-21	2,596
2017-06-20	2,534
2017-06-19	2,544
2017-06-16	2,556
2017-06-15	2,566
2017-06-14	2,578
2017-06-13	2,586
2017-06-12	2,574
2017-06-09	2,586
2017-06-08	2,57
2017-06-07	2,544
2017-06-06	2,556
2017-06-05	2,556
2017-06-02	2,59
2017-06-01	2,572
2017-05-31	2,548
2017-05-30	2,552
2017-05-29	2,568
2017-05-26	2,622
2017-05-25	2,664
2017-05-24	2,686
2017-05-23	2,692
2017-05-22	2,684
2017-05-19	2,8
2017-05-18	2,786
2017-05-17	2,798
2017-05-16	2,84
2017-05-15	2,842
2017-05-12	2,828
2017-05-11	2,832
2017-05-10	2,85
2017-05-09	2,848
2017-05-08	2,852
2017-05-05	2,842
2017-05-04	2,76
2017-05-03	2,692
2017-05-02	2,678
2017-04-28	2,674
2017-04-27	2,672
2017-04-26	2,736
2017-04-25	2,756
2017-04-24	2,702
2017-04-21	2,514
2017-04-20	2,49
2017-04-19	2,474
2017-04-18	2,388
2017-04-13	2,438
2017-04-12	2,478
2017-04-11	2,502
2017-04-10	2,526
2017-04-07	2,54
2017-04-06	2,532
2017-04-05	2,516
2017-04-04	2,524
2017-04-03	2,506
2017-03-31	2,546
2017-03-30	2,526
2017-03-29	2,52
2017-03-28	2,54
2017-03-27	2,532
2017-03-24	2,538
2017-03-23	2,546
2017-03-22	2,506
2017-03-21	2,504
2017-03-20	2,482
2017-03-17	2,482
2017-03-16	2,472
2017-03-15	2,448
2017-03-14	2,422
2017-03-13	2,456
2017-03-10	2,432
2017-03-09	2,39
2017-03-08	2,332
2017-03-07	2,328
2017-03-06	2,322
2017-03-03	2,336
2017-03-02	2,29
2017-03-01	2,292
2017-02-28	2,2
2017-02-27	2,19
2017-02-24	2,076
2017-02-23	2,124
2017-02-22	2,14
2017-02-21	2,162
2017-02-20	2,166
2017-02-17	2,17
2017-02-16	2,196
2017-02-15	2,19
2017-02-14	2,172
2017-02-13	2,144
2017-02-10	2,134
2017-02-09	2,148
2017-02-08	2,138
2017-02-07	2,142
2017-02-06	2,184
2017-02-03	2,238
2017-02-02	2,18
2017-02-01	2,2
2017-01-31	2,17
2017-01-30	2,198
2017-01-27	2,268
2017-01-26	2,25
2017-01-25	2,3
2017-01-24	2,292
2017-01-23	2,398
2017-01-20	2,47
2017-01-19	2,458
2017-01-18	2,414
2017-01-17	2,42
2017-01-16	2,42
2017-01-13	2,466
2017-01-12	2,43
2017-01-11	2,464
2017-01-10	2,468
2017-01-09	2,476
2017-01-06	2,544
2017-01-05	2,558
2017-01-04	2,54
2017-01-03	2,504
2017-01-02	2,448
2016-12-30	2,426
2016-12-29	2,412
2016-12-28	2,432
2016-12-27	2,452
2016-12-23	2,46
2016-12-22	2,43
2016-12-21	2,45
2016-12-20	2,448
2016-12-19	2,396
2016-12-16	2,414
2016-12-15	2,446
2016-12-14	2,366
2016-12-13	2,43
2016-12-12	2,34
2016-12-09	2,356
2016-12-08	2,396
2016-12-07	2,318
2016-12-06	2,28
2016-12-05	2,108
2016-12-02	2,13
2016-12-01	2,14
2016-11-30	2,096
2016-11-29	2,038
2016-11-28	1,955
2016-11-25	2,02
2016-11-24	2,04
2016-11-23	2,048
2016-11-22	2,062
2016-11-21	2,014
2016-11-18	2,036
2016-11-17	2,09
2016-11-16	2,114
2016-11-15	2,154
2016-11-14	2,204
2016-11-11	2,23
2016-11-10	2,234
2016-11-09	2,14
2016-11-08	2,14
2016-11-07	2,124
2016-11-04	2,006
2016-11-03	2,036
2016-11-02	2,012
2016-11-01	2,084
2016-10-31	2,11
2016-10-28	2,164
2016-10-27	2,2
2016-10-26	2,166
2016-10-25	2,154
2016-10-24	2,156
2016-10-21	2,112
2016-10-20	2,108
2016-10-19	2,07
2016-10-18	2,056
2016-10-17	2,002
2016-10-14	1,983
2016-10-13	1,93
2016-10-12	1,976
2016-10-11	1,971
2016-10-10	2,014
2016-10-07	2,002
2016-10-06	2,008
2016-10-05	1,994
2016-10-04	1,93
2016-10-03	1,928
2016-09-30	1,974
2016-09-29	1,946
2016-09-28	1,943
2016-09-27	1,948
2016-09-26	1,973
2016-09-23	1,996
2016-09-22	2,062
2016-09-21	2,036
2016-09-20	2,008
2016-09-19	2,064
2016-09-16	2,014
2016-09-15	2,08
2016-09-14	2,08
2016-09-13	2,082
2016-09-12	2,122
2016-09-09	2,166
2016-09-08	2,192
2016-09-07	2,158
2016-09-06	2,138
2016-09-05	2,182
2016-09-02	2,192
2016-09-01	2,13
2016-08-31	2,13
2016-08-30	2,044
2016-08-29	1,995
2016-08-26	2,014
2016-08-25	1,981
2016-08-24	1,999
2016-08-23	1,94
2016-08-22	1,848
2016-08-19	1,829
2016-08-18	1,901
2016-08-17	1,886
2016-08-16	1,937
2016-08-12	1,976
2016-08-11	1,97
2016-08-10	1,95
2016-08-09	1,933
2016-08-08	1,924
2016-08-05	1,9
2016-08-04	1,82
2016-08-03	1,819
2016-08-02	1,829
2016-08-01	1,901
2016-07-29	1,97
2016-07-28	1,903
2016-07-27	1,962
2016-07-26	1,928
2016-07-25	1,92
2016-07-22	1,956
2016-07-21	1,953
2016-07-20	1,947
2016-07-19	1,923
2016-07-18	1,935
2016-07-15	1,931
2016-07-14	1,936
2016-07-13	1,896
2016-07-12	1,918
2016-07-11	1,8
2016-07-08	1,76
2016-07-07	1,6
2016-07-06	1,59
2016-07-05	1,593
2016-07-04	1,629
2016-07-01	1,68
2016-06-30	1,702
2016-06-29	1,648
2016-06-28	1,624
2016-06-27	1,55
2016-06-24	1,74
2016-06-23	2,258
2016-06-22	2,152
2016-06-21	2,154
2016-06-20	2,102
2016-06-17	2,04
2016-06-16	1,95
2016-06-15	1,967
2016-06-14	1,913
2016-06-13	1,982
2016-06-10	2,106
2016-06-09	2,196
2016-06-08	2,216
2016-06-07	2,242
2016-06-06	2,204
2016-06-03	2,212
2016-06-02	2,252
2016-06-01	2,27
2016-05-31	2,308
2016-05-30	2,374
2016-05-27	2,356
2016-05-26	2,374
2016-05-25	2,356
2016-05-24	2,304
2016-05-23	2,172
2016-05-20	2,314
2016-05-19	2,296
2016-05-18	2,242
2016-05-17	2,184
2016-05-16	2,2
2016-05-13	2,224
2016-05-12	2,232
2016-05-11	2,256
2016-05-10	2,294
2016-05-09	2,24
2016-05-06	2,226
2016-05-05	2,22
2016-05-04	2,264
2016-05-03	2,316
2016-05-02	2,372
2016-04-29	2,42
2016-04-28	2,49
2016-04-27	2,47
2016-04-26	2,468
2016-04-25	2,4
2016-04-22	2,46
2016-04-21	2,49
2016-04-20	2,464
2016-04-19	2,42
2016-04-18	2,46
2016-04-15	2,448
2016-04-14	2,436
2016-04-13	2,424
2016-04-12	2,238
2016-04-11	2,334
2016-04-08	2,294
2016-04-07	2,164
2016-04-06	2,238
2016-04-05	2,212
2016-04-04	2,312
2016-04-01	2,372
2016-03-31	2,434
2016-03-30	2,418
2016-03-29	2,434
2016-03-24	2,408
2016-03-23	2,45
2016-03-22	2,516
2016-03-21	2,518
2016-03-18	2,492
2016-03-17	2,52
2016-03-16	2,592
2016-03-15	2,65
2016-03-14	2,678
2016-03-11	2,734
2016-03-10	2,544
2016-03-09	2,516
2016-03-08	2,486
2016-03-07	2,464
2016-03-04	2,524
2016-03-03	2,576
2016-03-02	2,476
2016-03-01	2,386
2016-02-29	2,342
2016-02-26	2,338
2016-02-25	2,3
2016-02-24	2,26
2016-02-23	2,34
2016-02-22	2,404
2016-02-19	2,328
2016-02-18	2,376
2016-02-17	2,498
2016-02-16	2,44
2016-02-15	2,48
2016-02-12	2,396
2016-02-11	2,288
2016-02-10	2,456
2016-02-09	2,146
2016-02-08	2,288
2016-02-05	2,384
2016-02-04	2,48
2016-02-03	2,344
2016-02-02	2,474
2016-02-01	2,562
2016-01-29	2,618
2016-01-28	2,514
2016-01-27	2,648
2016-01-26	2,674
2016-01-25	2,638
2016-01-22	2,714
2016-01-21	2,666
2016-01-20	2,542
2016-01-19	2,69
2016-01-18	2,662
2016-01-15	2,802
2016-01-14	2,894
2016-01-13	2,97
2016-01-12	2,916
2016-01-11	2,858
2016-01-08	2,898
2016-01-07	2,908
2016-01-06	2,958
2016-01-05	3,04
2016-01-04	2,982
2015-12-30	3,088
2015-12-29	3,132
2015-12-28	3,074
2015-12-23	3,09
2015-12-22	3,1
2015-12-21	3,1
2015-12-18	3,088
2015-12-17	3,12
2015-12-16	3,074
2015-12-15	3,096
2015-12-14	2,962
2015-12-11	3,018
2015-12-10	3,064
2015-12-09	3,09
2015-12-08	3,11
2015-12-07	3,17
2015-12-04	3,166
2015-12-03	3,132
2015-12-02	3,226
2015-12-01	3,24
2015-11-30	3,248
2015-11-27	3,214
2015-11-26	3,196
2015-11-25	3,18
2015-11-24	3,108
2015-11-23	3,148
2015-11-20	3,114
2015-11-19	3,154
2015-11-18	3,12
2015-11-17	3,17
2015-11-16	3,13
2015-11-13	3,124
2015-11-12	3,122
2015-11-11	3,162
2015-11-10	3,168
2015-11-09	3,118
2015-11-06	3,176
2015-11-05	3,092
2015-11-04	3,076
2015-11-03	3,144
2015-11-02	3,18
2015-10-30	3,168
2015-10-29	3,218
2015-10-28	3,272
2015-10-27	3,22
2015-10-26	3,21
2015-10-23	3,216
2015-10-22	3,24
2015-10-21	3,222
2015-10-20	3,262
2015-10-19	3,28
2015-10-16	3,256
2015-10-15	3,208
2015-10-14	3,162
2015-10-13	3,182
2015-10-12	3,174
2015-10-09	3,186
2015-10-08	3,184
2015-10-07	3,17
2015-10-06	3,264
2015-10-05	3,228
2015-10-02	3,148
2015-10-01	3,12
2015-09-30	3,156
2015-09-29	3,066
2015-09-28	3,066
2015-09-25	3,13
2015-09-24	3,02
2015-09-23	3,06
2015-09-22	3,074
2015-09-21	3,16
2015-09-18	3,08
2015-09-17	3,2
2015-09-16	3,172
2015-09-15	3,172
2015-09-14	3,106
2015-09-11	3,162
2015-09-10	3,204
2015-09-09	3,21
2015-09-08	3,208
2015-09-07	3,14
2015-09-04	3,14
2015-09-03	3,294
2015-09-02	3,236
2015-09-01	3,158
2015-08-31	3,254
2015-08-28	3,244
2015-08-27	3,31
2015-08-26	3,23
2015-08-25	3,212
2015-08-24	2,968
2015-08-21	3,162
2015-08-20	3,28
2015-08-19	3,402
2015-08-18	3,46
2015-08-17	3,428
2015-08-14	3,388
2015-08-13	3,416
2015-08-12	3,358
2015-08-11	3,466
2015-08-10	3,486
2015-08-07	3,436
2015-08-06	3,478
2015-08-05	3,456
2015-08-04	3,438
2015-08-03	3,53
2015-07-31	3,502
2015-07-30	3,458
2015-07-29	3,438
2015-07-28	3,446
2015-07-27	3,36
2015-07-24	3,526
2015-07-23	3,51
2015-07-22	3,51
2015-07-21	3,514
2015-07-20	3,596
2015-07-17	3,558
2015-07-16	3,536
2015-07-15	3,462
2015-07-14	3,412
2015-07-13	3,416
2015-07-10	3,352
2015-07-09	3,21
2015-07-08	3,068
2015-07-07	2,962
2015-07-06	3,05
2015-07-03	3,244
2015-07-02	3,258
2015-07-01	3,344
2015-06-30	3,252
2015-06-29	3,266
2015-06-26	3,478
2015-06-25	3,452
2015-06-24	3,388
2015-06-23	3,416
2015-06-22	3,386
2015-06-19	3,222
2015-06-18	3,18
2015-06-17	3,126
2015-06-16	3,154
2015-06-15	3,15
2015-06-12	3,254
2015-06-11	3,288
2015-06-10	3,27
2015-06-09	3,156
2015-06-08	3,176
2015-06-05	3,212
2015-06-04	3,3
2015-06-03	3,324
2015-06-02	3,306
2015-06-01	3,28
2015-05-29	3,282
2015-05-28	3,352
2015-05-27	3,368
2015-05-26	3,258
2015-05-25	3,28
2015-05-22	3,35
2015-05-21	3,34
2015-05-20	3,35
2015-05-19	3,342
2015-05-18	3,244
2015-05-15	3,324
2015-05-14	3,29
2015-05-13	3,272
2015-05-12	3,202
2015-05-11	3,206
2015-05-08	3,146
2015-05-07	3,074
2015-05-06	3,01
2015-05-05	2,952
2015-05-04	3,05
2015-04-30	3,016
2015-04-29	2,998
2015-04-28	3,088
2015-04-27	3,156
2015-04-24	3,076
2015-04-23	3,044
2015-04-22	3,072
2015-04-21	3,032
2015-04-20	3,058
2015-04-17	2,984
2015-04-16	3,098
2015-04-15	3,17
2015-04-14	3,114
2015-04-13	3,196
2015-04-10	3,184
2015-04-09	3,198
2015-04-08	3,194
2015-04-07	3,224
2015-04-02	3,182
2015-04-01	3,202
2015-03-31	3,166
2015-03-30	3,206
2015-03-27	3,14
2015-03-26	3,13
2015-03-25	3,168
2015-03-24	3,2
2015-03-23	3,094
2015-03-20	3,126
2015-03-19	3,034
2015-03-18	3,024
2015-03-17	3,104
2015-03-16	3,142
2015-03-13	3,048
2015-03-12	3,04
2015-03-11	3,018
2015-03-10	2,974
2015-03-09	2,986
2015-03-06	2,96
2015-03-05	2,95
2015-03-04	2,89
2015-03-03	2,894
2015-03-02	2,946
2015-02-27	2,984
2015-02-26	2,946
2015-02-25	2,878
2015-02-24	2,922
2015-02-23	2,918
2015-02-20	2,904
2015-02-19	2,89
2015-02-18	2,888
2015-02-17	2,84
2015-02-16	2,792
2015-02-13	2,818
2015-02-12	2,732
2015-02-11	2,6
2015-02-10	2,59
2015-02-09	2,49
2015-02-06	2,574
2015-02-05	2,574
2015-02-04	2,616
2015-02-03	2,64
2015-02-02	2,564
2015-01-30	2,598
2015-01-29	2,622
2015-01-28	2,59
2015-01-27	2,622
2015-01-26	2,63
2015-01-23	2,614
2015-01-22	2,608
2015-01-21	2,554
2015-01-20	2,564
2015-01-19	2,53
2015-01-16	2,498
2015-01-15	2,462
2015-01-14	2,392
2015-01-13	2,396
2015-01-12	2,326
2015-01-09	2,276
2015-01-08	2,372
2015-01-07	2,248
2015-01-06	2,276
2015-01-05	2,308
2015-01-02	2,454
2014-12-30	2,422
2014-12-29	2,438
2014-12-23	2,496
2014-12-22	2,48
2014-12-19	2,436
2014-12-18	2,498
2014-12-17	2,416
2014-12-16	2,446
2014-12-15	2,34
2014-12-12	2,446
2014-12-11	2,5
2014-12-10	2,488
2014-12-09	2,502
2014-12-08	2,554
2014-12-05	2,522
2014-12-04	2,356
2014-12-03	2,44
2014-12-02	2,406
2014-12-01	2,4
2014-11-28	2,478
2014-11-27	2,454
2014-11-26	2,406
2014-11-25	2,43
2014-11-24	2,388
2014-11-21	2,364
2014-11-20	2,254
2014-11-19	2,29
2014-11-18	2,262
2014-11-17	2,248
2014-11-14	2,21
2014-11-13	2,176
2014-11-12	2,158
2014-11-11	2,24
2014-11-10	2,244
2014-11-07	2,21
2014-11-06	2,244
2014-11-05	2,256
2014-11-04	2,198
2014-11-03	2,28
2014-10-31	2,338
2014-10-30	2,25
2014-10-29	2,248
2014-10-28	2,336
2014-10-27	2,282
2014-10-24	2,356
2014-10-23	2,32
2014-10-22	2,304
2014-10-21	2,274
2014-10-20	2,174
2014-10-17	2,192
2014-10-16	2,1
2014-10-15	2,124
2014-10-14	2,256
2014-10-13	2,226
2014-10-10	2,206
2014-10-09	2,21
2014-10-08	2,276
2014-10-07	2,284
2014-10-06	2,332
2014-10-03	2,332
2014-10-02	2,266
2014-10-01	2,398
2014-09-30	2,406
2014-09-29	2,38
2014-09-26	2,428
2014-09-25	2,364
2014-09-24	2,41
2014-09-23	2,366
2014-09-22	2,41
2014-09-19	2,418
2014-09-18	2,466
2014-09-17	2,46
2014-09-16	2,408
2014-09-15	2,426
2014-09-12	2,422
2014-09-11	2,446
2014-09-10	2,442
2014-09-09	2,438
2014-09-08	2,46
2014-09-05	2,458
2014-09-04	2,46
2014-09-03	2,33
2014-09-02	2,264
2014-09-01	2,246
2014-08-29	2,264
2014-08-28	2,262
2014-08-27	2,332
2014-08-26	2,326
2014-08-25	2,288
2014-08-22	2,228
2014-08-21	2,23
2014-08-20	2,158
2014-08-19	2,162
2014-08-18	2,156
2014-08-14	2,116
2014-08-13	2,142
2014-08-12	2,12
2014-08-11	2,15
2014-08-08	2,128
2014-08-07	2,106
2014-08-06	2,164
2014-08-05	2,236
2014-08-04	2,29
2014-08-01	2,258
2014-07-31	2,23
2014-07-30	2,288
2014-07-29	2,3
2014-07-28	2,286
2014-07-25	2,304
2014-07-24	2,344
2014-07-23	2,264
2014-07-22	2,244
2014-07-21	2,202
2014-07-18	2,244
2014-07-17	2,23
2014-07-16	2,296
2014-07-15	2,202
2014-07-14	2,238
2014-07-11	2,198
2014-07-10	2,178
2014-07-09	2,202
2014-07-08	2,14
2014-07-07	2,232
2014-07-04	2,274
2014-07-03	2,346
2014-07-02	2,332
2014-07-01	2,322
2014-06-30	2,256
2014-06-27	2,278
2014-06-26	2,29
2014-06-25	2,292
2014-06-24	2,294
2014-06-23	2,336
2014-06-20	2,372
2014-06-19	2,424
2014-06-18	2,44
2014-06-17	2,44
2014-06-16	2,458
2014-06-13	2,496
2014-06-12	2,506
2014-06-11	2,558
2014-06-10	2,604
2014-06-09	2,612
2014-06-06	2,612
2014-06-05	2,51
2014-06-04	2,452
2014-06-03	2,45
2014-06-02	2,484
2014-05-30	2,458
2014-05-29	2,436
2014-05-28	2,436
2014-05-27	2,39
2014-05-26	2,414
2014-05-23	2,316
2014-05-22	2,268
2014-05-21	2,3
2014-05-20	2,28
2014-05-19	2,214
2014-05-16	2,266
2014-05-15	2,2
2014-05-14	2,346
2014-05-13	2,354
2014-05-12	2,384
2014-05-09	2,396
2014-05-08	2,454
2014-05-07	2,346
2014-05-06	2,448
2014-05-05	2,46
2014-05-02	2,46
2014-04-30	2,46
2014-04-29	2,48
2014-04-28	2,416
2014-04-25	2,404
2014-04-24	2,462
2014-04-23	2,446
2014-04-22	2,478
2014-04-17	2,428
2014-04-16	2,404
2014-04-15	2,3
2014-04-14	2,396
2014-04-11	2,392
2014-04-10	2,456
2014-04-09	2,494
2014-04-08	2,506
2014-04-07	2,554
2014-04-04	2,588
2014-04-03	2,552
2014-04-02	2,472
2014-04-01	2,532
2014-03-31	2,46
2014-03-28	2,402
2014-03-27	2,32
2014-03-26	2,294
2014-03-25	2,26
2014-03-24	2,246
2014-03-21	2,304
2014-03-20	2,29
2014-03-19	2,262
2014-03-18	2,24
2014-03-17	2,17
2014-03-14	2,152
2014-03-13	2,214
2014-03-12	2,256
2014-03-11	2,25
2014-03-10	2,284
2014-03-07	2,276
2014-03-06	2,32
2014-03-05	2,288
2014-03-04	2,232
2014-03-03	2,156
2014-02-28	2,246
2014-02-27	2,216
2014-02-26	2,216
2014-02-25	2,236
2014-02-24	2,234
2014-02-21	2,194
2014-02-20	2,234
2014-02-19	2,234
2014-02-18	2,218
2014-02-17	2,19
2014-02-14	2,16
2014-02-13	2,132
2014-02-12	2,15
2014-02-11	2,14
2014-02-10	2,082
2014-02-07	2,096
2014-02-06	2,094
2014-02-05	2,034
2014-02-04	1,997
2014-02-03	1,952
2014-01-31	2,01
2014-01-30	1,958
2014-01-29	1,952
2014-01-28	1,968
2014-01-27	1,946
2014-01-24	1,931
2014-01-23	1,961
2014-01-22	1,977
2014-01-21	1,954
2014-01-20	1,948
2014-01-17	1,958
2014-01-16	1,946
2014-01-15	2,014
2014-01-14	1,95
2014-01-13	1,932
2014-01-10	1,911
2014-01-09	1,944
2014-01-08	1,929
2014-01-07	1,888
2014-01-06	1,828
2014-01-03	1,809
2014-01-02	1,783
2013-12-30	1,794
2013-12-27	1,798
2013-12-23	1,78
2013-12-20	1,776
2013-12-19	1,744
2013-12-18	1,701
2013-12-17	1,679
2013-12-16	1,723
2013-12-13	1,654
2013-12-12	1,657
2013-12-11	1,677
2013-12-10	1,7
2013-12-09	1,7
2013-12-06	1,692
2013-12-05	1,664
2013-12-04	1,723
2013-12-03	1,722
2013-12-02	1,766
2013-11-29	1,78
2013-11-28	1,79
2013-11-27	1,754
2013-11-26	1,744
2013-11-25	1,726
2013-11-22	1,726
2013-11-21	1,737
2013-11-20	1,698
2013-11-19	1,725
2013-11-18	1,751
2013-11-15	1,699
2013-11-14	1,737
2013-11-13	1,73
2013-11-12	1,771
2013-11-11	1,79
2013-11-08	1,759
2013-11-07	1,744
2013-11-06	1,795
2013-11-05	1,79
2013-11-04	1,832
2013-11-01	1,83
2013-10-31	1,831
2013-10-30	1,806
2013-10-29	1,82
2013-10-28	1,758
2013-10-25	1,8
2013-10-24	1,82
2013-10-23	1,793
2013-10-22	1,841
2013-10-21	1,823
2013-10-18	1,815
2013-10-17	1,816
2013-10-16	1,825
2013-10-15	1,766
2013-10-14	1,769
2013-10-11	1,777
2013-10-10	1,782
2013-10-09	1,744
2013-10-08	1,703
2013-10-07	1,713
2013-10-04	1,687
2013-10-03	1,674
2013-10-02	1,688
2013-10-01	1,612
2013-09-30	1,525
2013-09-27	1,581
2013-09-26	1,605
2013-09-25	1,668
2013-09-24	1,697
2013-09-23	1,69
2013-09-20	1,689
2013-09-19	1,705
2013-09-18	1,645
2013-09-17	1,623
2013-09-16	1,63
2013-09-13	1,614
2013-09-12	1,621
2013-09-11	1,635
2013-09-10	1,607
2013-09-09	1,569
2013-09-06	1,536
2013-09-05	1,515
2013-09-04	1,508
2013-09-03	1,531
2013-09-02	1,536
2013-08-30	1,485
2013-08-29	1,498
2013-08-28	1,46
2013-08-27	1,445
2013-08-26	1,511
2013-08-23	1,563
2013-08-22	1,568
2013-08-21	1,514
2013-08-20	1,52
2013-08-19	1,53
2013-08-16	1,596
2013-08-14	1,5
2013-08-13	1,491
2013-08-12	1,489
2013-08-09	1,494
2013-08-08	1,48
2013-08-07	1,432
2013-08-06	1,404
2013-08-05	1,414
2013-08-02	1,43
2013-08-01	1,459
2013-07-31	1,426
2013-07-30	1,433
2013-07-29	1,394
2013-07-26	1,398
2013-07-25	1,406
2013-07-24	1,405
2013-07-23	1,383
2013-07-22	1,37
2013-07-19	1,347
2013-07-18	1,32
2013-07-17	1,273
2013-07-16	1,263
2013-07-15	1,278
2013-07-12	1,259
2013-07-11	1,288
2013-07-10	1,283
2013-07-09	1,31
2013-07-08	1,3
2013-07-05	1,271
2013-07-04	1,3
2013-07-03	1,229
2013-07-02	1,223
2013-07-01	1,24
2013-06-28	1,231
2013-06-27	1,258
2013-06-26	1,269
2013-06-25	1,226
2013-06-24	1,232
2013-06-21	1,217
2013-06-20	1,264
2013-06-19	1,325
2013-06-18	1,35
2013-06-17	1,349
2013-06-14	1,336
2013-06-13	1,324
2013-06-12	1,291
2013-06-11	1,322
2013-06-10	1,361
2013-06-07	1,402
2013-06-06	1,361
2013-06-05	1,425
2013-06-04	1,449
2013-06-03	1,43
2013-05-31	1,459
2013-05-30	1,456
2013-05-29	1,428
2013-05-28	1,459
2013-05-27	1,405
2013-05-24	1,383
2013-05-23	1,398
2013-05-22	1,461
2013-05-21	1,424
2013-05-20	1,457
2013-05-17	1,477
2013-05-16	1,47
2013-05-15	1,46
2013-05-14	1,412
2013-05-13	1,386
2013-05-10	1,403
2013-05-09	1,37
2013-05-08	1,394
2013-05-07	1,399
2013-05-06	1,376
2013-05-03	1,386
2013-05-02	1,374
2013-04-30	1,377
2013-04-29	1,394
2013-04-26	1,358
2013-04-25	1,358
2013-04-24	1,358
2013-04-23	1,359
2013-04-22	1,317
2013-04-19	1,294
2013-04-18	1,258
2013-04-17	1,25
2013-04-16	1,241
2013-04-15	1,251
2013-04-12	1,241
2013-04-11	1,264
2013-04-10	1,262
2013-04-09	1,208
2013-04-08	1,166
2013-04-05	1,15
2013-04-04	1,126
2013-04-03	1,133
2013-04-02	1,165
2013-03-28	1,142
2013-03-27	1,134
2013-03-26	1,124
2013-03-25	1,147
2013-03-22	1,223
2013-03-21	1,213
2013-03-20	1,206
2013-03-19	1,166
2013-03-18	1,2
2013-03-15	1,231
2013-03-14	1,252
2013-03-13	1,231
2013-03-12	1,26
2013-03-11	1,255
2013-03-08	1,264
2013-03-07	1,243
2013-03-06	1,262
2013-03-05	1,255
2013-03-04	1,201
2013-03-01	1,241
2013-02-28	1,243
2013-02-27	1,256
2013-02-26	1,233
2013-02-25	1,356
2013-02-22	1,345
2013-02-21	1,32
2013-02-20	1,376
2013-02-19	1,393
2013-02-18	1,364
2013-02-15	1,374
2013-02-14	1,384
2013-02-13	1,407
2013-02-12	1,41
2013-02-11	1,378
2013-02-08	1,399
2013-02-07	1,367
2013-02-06	1,386
2013-02-05	1,409
2013-02-04	1,38
2013-02-01	1,458
2013-01-31	1,502
2013-01-30	1,499
2013-01-29	1,524
2013-01-28	1,525
2013-01-25	1,486
2013-01-24	1,499
2013-01-23	1,463
2013-01-22	1,502
2013-01-21	1,506
2013-01-18	1,507
2013-01-17	1,49
2013-01-16	1,465
2013-01-15	1,496
2013-01-14	1,473
2013-01-11	1,491
2013-01-10	1,48
2013-01-09	1,438
2013-01-08	1,403
2013-01-07	1,404
2013-01-04	1,382
2013-01-03	1,372
2013-01-02	1,375
2012-12-28	1,3
2012-12-27	1,313
2012-12-21	1,295
2012-12-20	1,312
2012-12-19	1,312
2012-12-18	1,308
2012-12-17	1,284
2012-12-14	1,276
2012-12-13	1,274
2012-12-12	1,26
2012-12-11	1,234
2012-12-10	1,216
2012-12-07	1,282
2012-12-06	1,294
2012-12-05	1,312
2012-12-04	1,326
2012-12-03	1,306
2012-11-30	1,294
2012-11-29	1,299
2012-11-28	1,247
2012-11-27	1,258
2012-11-26	1,258
2012-11-23	1,272
2012-11-22	1,259
2012-11-21	1,249
2012-11-20	1,22
2012-11-19	1,233
2012-11-16	1,185
2012-11-15	1,224
2012-11-14	1,234
2012-11-13	1,256
2012-11-12	1,194
2012-11-09	1,21
2012-11-08	1,218
2012-11-07	1,212
2012-11-06	1,254
2012-11-05	1,238
2012-11-02	1,265
2012-11-01	1,273
2012-10-31	1,239
2012-10-30	1,25
2012-10-29	1,238
2012-10-26	1,272
2012-10-25	1,267
2012-10-24	1,293
2012-10-23	1,282
2012-10-22	1,31
2012-10-19	1,307
2012-10-18	1,35
2012-10-17	1,36
2012-10-16	1,323
2012-10-15	1,268
2012-10-12	1,267
2012-10-11	1,278
2012-10-10	1,235
2012-10-09	1,246
2012-10-08	1,256
2012-10-05	1,298
2012-10-04	1,257
2012-10-03	1,244
2012-10-02	1,234
2012-10-01	1,235
2012-09-28	1,183
2012-09-27	1,221
2012-09-26	1,221
2012-09-25	1,281
2012-09-24	1,248
2012-09-21	1,256
2012-09-20	1,225
2012-09-19	1,268
2012-09-18	1,265
2012-09-17	1,344
2012-09-14	1,353
2012-09-13	1,333
2012-09-12	1,365
2012-09-11	1,358
2012-09-10	1,345
2012-09-07	1,356
2012-09-06	1,336
2012-09-05	1,261
2012-09-04	1,256
2012-09-03	1,261
2012-08-31	1,25
2012-08-30	1,201
2012-08-29	1,212
2012-08-28	1,221
2012-08-27	1,226
2012-08-24	1,19
2012-08-23	1,207
2012-08-22	1,247
2012-08-21	1,239
2012-08-20	1,179
2012-08-17	1,174
2012-08-16	1,162
2012-08-14	1,111
2012-08-13	1,102
2012-08-10	1,093
2012-08-09	1,121
2012-08-08	1,125
2012-08-07	1,116
2012-08-06	1,096
2012-08-03	1,056
2012-08-02	0,938
2012-08-01	1,038
2012-07-31	1,033
2012-07-30	1,056
2012-07-27	0,9905
2012-07-26	0,97
2012-07-25	0,8915
2012-07-24	0,879
2012-07-23	0,921
2012-07-20	0,9375
2012-07-19	1,003
2012-07-18	0,9965
2012-07-17	0,977
2012-07-16	1,008
2012-07-13	1,022
2012-07-12	1,024
2012-07-11	1,042
2012-07-10	1,02
2012-07-09	1,03
2012-07-06	1,012
2012-07-05	1,044
2012-07-04	1,092
2012-07-03	1,127
2012-07-02	1,102
2012-06-29	1,118
2012-06-28	1,002
2012-06-27	0,993
2012-06-26	0,962
2012-06-25	0,9695
2012-06-22	1,037
2012-06-21	1,049
2012-06-20	1,05
2012-06-19	1,03
2012-06-18	0,983
2012-06-15	1,059
2012-06-14	1,022
2012-06-13	0,9935
2012-06-12	0,9945
2012-06-11	1,033
2012-06-08	1,098
2012-06-07	1,132
2012-06-06	1,126
2012-06-05	1,069
2012-06-04	1,055
2012-06-01	0,9975
2012-05-31	1,003
2012-05-30	1,002
2012-05-29	1,01
2012-05-28	1,016
2012-05-25	1,033
2012-05-24	1,025
2012-05-23	1,024
2012-05-22	1,071
2012-05-21	1,024
2012-05-18	0,9975
2012-05-17	0,991
2012-05-16	0,9965
2012-05-15	0,9765
2012-05-14	1,033
2012-05-11	1,071
2012-05-10	1,087
2012-05-09	1,023
2012-05-08	1,053
2012-05-07	1,092
2012-05-04	1,051
2012-05-03	1,056
2012-05-02	1,09
2012-04-30	1,143
2012-04-27	1,166
2012-04-26	1,146
2012-04-25	1,157
2012-04-24	1,115
2012-04-23	1,072
2012-04-20	1,144
2012-04-19	1,143
2012-04-18	1,181
2012-04-17	1,246
2012-04-16	1,153
2012-04-13	1,163
2012-04-12	1,222
2012-04-11	1,199
2012-04-10	1,137
2012-04-05	1,235
2012-04-04	1,247
2012-04-03	1,269
2012-04-02	1,332
2012-03-30	1,344
2012-03-29	1,349
2012-03-28	1,425
2012-03-27	1,435
2012-03-26	1,46
2012-03-23	1,477
2012-03-22	1,46
2012-03-21	1,493
2012-03-20	1,523
2012-03-19	1,551
2012-03-16	1,564
2012-03-15	1,558
2012-03-14	1,498
2012-03-13	1,492
2012-03-12	1,435
2012-03-09	1,459
2012-03-08	1,503
2012-03-07	1,463
2012-03-06	1,426
2012-03-05	1,5
2012-03-02	1,51
2012-03-01	1,526
2012-02-29	1,461
2012-02-28	1,474
2012-02-27	1,484
2012-02-24	1,49
2012-02-23	1,448
2012-02-22	1,481
2012-02-21	1,528
2012-02-20	1,565
2012-02-17	1,541
2012-02-16	1,518
2012-02-15	1,492
2012-02-14	1,483
2012-02-13	1,491
2012-02-10	1,521
2012-02-09	1,577
2012-02-08	1,596
2012-02-07	1,55
2012-02-06	1,527
2012-02-03	1,564
2012-02-02	1,547
2012-02-01	1,541
2012-01-31	1,46
2012-01-30	1,416
2012-01-27	1,448
2012-01-26	1,458
2012-01-25	1,448
2012-01-24	1,453
2012-01-23	1,456
2012-01-20	1,381
2012-01-19	1,36
2012-01-18	1,281
2012-01-17	1,265
2012-01-16	1,256
2012-01-13	1,24
2012-01-12	1,24
2012-01-11	1,192
2012-01-10	1,174
2012-01-09	1,101
2012-01-06	1,137
2012-01-05	1,189
2012-01-04	1,283
2012-01-03	1,334
2012-01-02	1,33
2011-12-30	1,294
2011-12-29	1,292
2011-12-28	1,273
2011-12-27	1,279
2011-12-23	1,31
2011-12-22	1,339
2011-12-21	1,306
2011-12-20	1,291
2011-12-19	1,22
2011-12-16	1,216
2011-12-15	1,258
2011-12-14	1,193
2011-12-13	1,207
2011-12-12	1,203
2011-12-09	1,277
2011-12-08	1,184
2011-12-07	1,3
2011-12-06	1,337
2011-12-05	1,348
2011-12-02	1,298
2011-12-01	1,241
2011-11-30	1,228
2011-11-29	1,157
2011-11-28	1,155
2011-11-25	1,079
2011-11-24	1,096
2011-11-23	1,08
2011-11-22	1,122
2011-11-21	1,15
2011-11-18	1,219
2011-11-17	1,19
2011-11-16	1,226
2011-11-15	1,218
2011-11-14	1,23
2011-11-11	1,283
2011-11-10	1,179
2011-11-09	1,149
2011-11-08	1,2
2011-11-07	1,159
2011-11-04	1,127
2011-11-03	1,184
2011-11-02	1,142
2011-11-01	1,087
2011-10-31	1,291
2011-10-28	1,394
2011-10-27	1,407
2011-10-26	1,278
2011-10-25	1,273
2011-10-24	1,292
2011-10-21	1,281
2011-10-20	1,204
2011-10-19	1,335
2011-10-18	1,244
2011-10-17	1,229
2011-10-14	1,298
2011-10-13	1,284
2011-10-12	1,398
2011-10-11	1,333
2011-10-10	1,35
2011-10-07	1,277
2011-10-06	1,237
2011-10-05	1,17
2011-10-04	1,107
2011-10-03	1,18
2011-09-30	1,19
2011-09-29	1,225
2011-09-28	1,157
2011-09-27	1,158
2011-09-26	1,095
2011-09-23	1,011
2011-09-22	0,9525
2011-09-21	0,967
2011-09-20	0,997
2011-09-19	0,98
2011-09-16	1,022
2011-09-15	1,052
2011-09-14	0,954
2011-09-13	0,923
2011-09-12	0,868
2011-09-09	0,9595
2011-09-08	1,044
2011-09-07	1,035
2011-09-06	0,997
2011-09-05	1,029
2011-09-02	1,106
2011-09-01	1,162
2011-08-31	1,134
2011-08-30	1,134
2011-08-29	1,157
2011-08-26	1,123
2011-08-25	1,138
2011-08-24	1,12
2011-08-23	1,095
2011-08-22	1,102
2011-08-19	1,132
2011-08-18	1,196
2011-08-17	1,318
2011-08-16	1,292
2011-08-12	1,247
2011-08-11	1,208
2011-08-10	1,132
2011-08-09	1,312
2011-08-08	1,297
2011-08-05	1,299
2011-08-04	1,23
2011-08-03	1,372
2011-08-02	1,411
2011-08-01	1,489
2011-07-29	1,616
2011-07-28	1,621
2011-07-27	1,571
2011-07-26	1,656
2011-07-25	1,606
2011-07-22	1,752
2011-07-21	1,803
2011-07-20	1,646
2011-07-19	1,544
2011-07-18	1,48
2011-07-15	1,583
2011-07-14	1,607
2011-07-13	1,642
2011-07-12	1,577
2011-07-11	1,526
2011-07-08	1,654
2011-07-07	1,733
2011-07-06	1,779
2011-07-05	1,862
2011-07-04	1,9
2011-07-01	1,913
2011-06-30	1,836
2011-06-29	1,786
2011-06-28	1,762
2011-06-27	1,727
2011-06-24	1,707
2011-06-23	1,783
2011-06-22	1,864
2011-06-21	1,86
2011-06-20	1,804
2011-06-17	1,819
2011-06-16	1,74
2011-06-15	1,716
2011-06-14	1,805
2011-06-13	1,761
2011-06-10	1,761
2011-06-09	1,78
2011-06-08	1,789
2011-06-07	1,813
2011-06-06	1,779
2011-06-03	1,834
2011-06-02	1,748
2011-06-01	1,752
2011-05-31	1,803
2011-05-30	1,761
2011-05-27	1,781
2011-05-26	1,749
2011-05-25	1,761
2011-05-24	1,676
2011-05-23	1,694
2011-05-20	1,8176
2011-05-19	1,8851
2011-05-18	1,8814
2011-05-17	1,8889
2011-05-16	1,9358
2011-05-13	1,9264
2011-05-12	1,9733
2011-05-11	2,0089
2011-05-10	2,0089
2011-05-09	1,9733
2011-05-06	2,0183
2011-05-05	1,9958
2011-05-04	2,0314
2011-05-03	2,0896
2011-05-02	2,084
2011-04-29	2,1027
2011-04-28	2,1008
2011-04-27	2,0877
2011-04-26	2,0333
2011-04-21	2,0371
2011-04-20	1,9545
2011-04-19	1,962
2011-04-18	1,9414
2011-04-15	2,0258
2011-04-14	2,0615
2011-04-13	2,1102
2011-04-12	2,1102
2011-04-11	2,1309
2011-04-08	2,1196
2011-04-07	2,144
2011-04-06	2,1046
2011-04-05	1,9977
2011-04-04	1,9977
2011-04-01	1,9789
2011-03-31	1,9583
2011-03-30	2,0502
2011-03-29	2,054
2011-03-28	2,1515
2011-03-25	2,1384
2011-03-24	2,144
2011-03-23	2,1309
2011-03-22	2,1384
2011-03-21	2,1384
2011-03-18	2,0652
2011-03-17	2,0652
2011-03-16	2,0071
2011-03-15	2,1215
2011-03-14	2,219
2011-03-11	2,1834
2011-03-10	2,2171
2011-03-09	2,2509
2011-03-08	2,2434
2011-03-07	2,2078
2011-03-04	2,2453
2011-03-03	2,2246
2011-03-02	2,2321
2011-03-01	2,2303
2011-02-28	2,2922
2011-02-25	2,2865
2011-02-24	2,2397
2011-02-23	2,234
2011-02-22	2,2153
2011-02-21	2,2528
2011-02-18	2,3752
2011-02-17	2,4221
2011-02-16	2,4291
2011-02-15	2,3424
2011-02-14	2,272
2011-02-11	2,2978
2011-02-10	2,279
2011-02-09	2,3119
2011-02-08	2,3353
2011-02-07	2,3611
2011-02-04	2,3517
2011-02-03	2,3236
2011-02-02	2,3939
2011-02-01	2,333
2011-01-31	2,279
2011-01-28	2,2579
2011-01-27	2,2978
2011-01-26	2,1899
2011-01-25	2,2181
2011-01-24	2,2673
2011-01-21	2,2556
2011-01-20	2,2228
2011-01-19	2,1477
2011-01-18	2,1407
2011-01-17	2,0891
2011-01-14	2,1055
2011-01-13	2,054
2011-01-12	2,0047
2011-01-11	1,8176
2011-01-10	1,7735
2011-01-07	1,8804
2011-01-06	1,925
2011-01-05	1,9297
2011-01-04	1,9649
2011-01-03	1,9273
2010-12-30	1,9039
2010-12-29	1,9484
2010-12-28	1,9508
2010-12-27	1,9695
2010-12-23	2,0047
2010-12-22	2,0117
2010-12-21	2,0305
2010-12-20	1,9836
2010-12-17	1,9508
2010-12-16	2,0188
2010-12-15	2,0141
2010-12-14	2,0727
2010-12-13	2,0586
2010-12-10	2,0352
2010-12-09	2,068
2010-12-08	2,0211
2010-12-07	1,9813
2010-12-06	1,9531
2010-12-03	2,0094
2010-12-02	2,0047
2010-12-01	1,932
2010-11-30	1,8804
2010-11-29	1,9156
2010-11-26	1,9977
2010-11-25	2,0094
2010-11-24	2,0329
2010-11-23	2,0282
2010-11-22	2,1008
2010-11-19	2,1595
2010-11-18	2,1993
2010-11-17	2,1899
2010-11-16	2,1946
2010-11-15	2,2204
2010-11-12	2,1923
2010-11-11	2,1829
2010-11-10	2,2134
2010-11-09	2,3353
2010-11-08	2,3119
2010-11-05	2,2673
2010-11-04	2,3377
2010-11-03	2,3025
2010-11-02	2,3611
2010-11-01	2,3353
2010-10-29	2,3705
2010-10-28	2,4268
2010-10-27	2,4291
2010-10-26	2,4338
2010-10-25	2,4291
2010-10-22	2,4948
2010-10-21	2,5112
2010-10-20	2,483
2010-10-19	2,4408
2010-10-18	2,4221
2010-10-15	2,3658
2010-10-14	2,3564
2010-10-13	2,3775
2010-10-12	2,3259
2010-10-11	2,2978
2010-10-08	2,2884
2010-10-07	2,2861
2010-10-06	2,2767
2010-10-05	2,2509
2010-10-04	2,1712
2010-10-01	2,2228
2010-09-30	2,2345
2010-09-29	2,2204
2010-09-28	2,2556
2010-09-27	2,2837
2010-09-24	2,2884
2010-09-23	2,2157
2010-09-22	2,2673
2010-09-21	2,3142
2010-09-20	2,279
2010-09-17	2,2533
2010-09-16	2,2603
2010-09-15	2,2837
2010-09-14	2,3001
2010-09-13	2,3025
2010-09-10	2,2837
2010-09-09	2,3001
2010-09-08	2,2298
2010-09-07	2,2087
2010-09-06	2,2533
2010-09-03	2,2439
2010-09-02	2,1806
2010-09-01	2,1735
2010-08-31	2,0774
2010-08-30	2,0938
2010-08-27	2,1173
2010-08-26	2,1595
2010-08-25	2,0751
2010-08-24	2,1266
2010-08-23	2,1407
2010-08-20	2,0985
2010-08-19	2,1477
2010-08-18	2,2134
2010-08-17	2,2392
2010-08-16	2,2017
2010-08-13	2,2157
2010-08-12	2,2439
2010-08-11	2,272
2010-08-10	2,4174
2010-08-09	2,4103
2010-08-06	2,3564
2010-08-05	2,408
2010-08-04	2,4408
2010-08-03	2,476
2010-08-02	2,469
2010-07-30	2,3822
2010-07-29	2,3939
2010-07-28	2,408
2010-07-27	2,4385
2010-07-26	2,3447
2010-07-23	2,2533
2010-07-22	2,2767
2010-07-21	2,1735
2010-07-20	2,204
2010-07-19	2,2064
2010-07-16	2,2439
2010-07-15	2,2533
2010-07-14	2,3142
2010-07-13	2,3306
2010-07-12	2,2814
2010-07-09	2,2744
2010-07-08	2,2439
2010-07-07	2,2017
2010-07-06	2,0422
2010-07-05	1,9719
2010-07-02	2,0117
2010-07-01	2,0047
2010-06-30	2,0493
2010-06-29	2,0071
2010-06-28	2,1759
2010-06-25	2,1853
2010-06-24	2,1102
2010-06-23	2,1759
2010-06-22	2,1806
2010-06-21	2,2392
2010-06-18	2,2462
2010-06-17	2,1595
2010-06-16	2,1618
2010-06-15	2,1665
2010-06-14	2,1008
2010-06-11	2,0422
2010-06-10	1,9836
2010-06-09	1,8969
2010-06-08	1,8457
2010-06-07	1,8617
2010-06-04	1,8692
2010-06-03	1,9906
2010-06-02	1,9578
2010-06-01	1,9719
2010-05-31	2,0375
2010-05-28	2,0141
2010-05-27	2,0446
2010-05-26	1,9109
2010-05-25	1,9039
2010-05-24	1,9695
2010-05-21	2,0516
2010-05-20	1,986
2010-05-19	2,0141
2010-05-18	2,1149
2010-05-17	2,0633
2010-05-14	2,0399
2010-05-13	2,1548
2010-05-12	2,2321
2010-05-11	2,197
2010-05-10	2,2533
2010-05-07	1,8828
2010-05-06	1,9602
2010-05-05	2,1243
2010-05-04	2,1735
2010-05-03	2,3424
2010-04-30	2,3424
2010-04-29	2,3353
2010-04-28	2,3494
2010-04-27	2,3846
2010-04-26	2,5276
2010-04-23	2,5299
2010-04-22	2,5463
2010-04-21	2,5909
2010-04-20	2,6378
2010-04-19	2,5932
2010-04-16	2,6237
2010-04-15	2,7058
2010-04-14	2,7198
2010-04-13	2,6261
2010-04-12	2,619
2010-04-09	2,5721
2010-04-08	2,5346
2010-04-07	2,5932
2010-04-06	2,6401
2010-04-01	2,6401
2010-03-31	2,5862
2010-03-30	2,6143
2010-03-29	2,6495
2010-03-26	2,6425
2010-03-25	2,6425
2010-03-24	2,6096
2010-03-23	2,6073
2010-03-22	2,6284
2010-03-19	2,6612
2010-03-18	2,7269
2010-03-17	2,7316
2010-03-16	2,6823
2010-03-15	2,6448
2010-03-12	2,6706
2010-03-11	2,6331
2010-03-10	2,6706
2010-03-09	2,6448
2010-03-08	2,6706
2010-03-05	2,6612
2010-03-04	2,5463
2010-03-03	2,4971
2010-03-02	2,4549
2010-03-01	2,4572
2010-02-26	2,4221
2010-02-25	2,4268
2010-02-24	2,4479
2010-02-23	2,4619
2010-02-22	2,5299
2010-02-19	2,5346
2010-02-18	2,5088
2010-02-17	2,5323
2010-02-16	2,4291
2010-02-15	2,4572
2010-02-12	2,469
2010-02-11	2,4596
2010-02-10	2,5346
2010-02-09	2,4268
2010-02-08	2,4807
2010-02-05	2,3986
2010-02-04	2,4994
2010-02-03	2,6401
2010-02-02	2,6847
2010-02-01	2,6448
2010-01-29	2,605
2010-01-28	2,5674
2010-01-27	2,6307
2010-01-26	2,7105
2010-01-25	2,7011
2010-01-22	2,7152
2010-01-21	2,7996
2010-01-20	2,8418
2010-01-19	2,9402
2010-01-18	2,9074
2010-01-15	2,9238
2010-01-14	3,0036
2010-01-13	2,9825
2010-01-12	2,9543
2010-01-11	2,9684
2010-01-08	2,9825
2010-01-07	2,9426
2010-01-06	2,9848
2010-01-05	2,9473
2010-01-04	2,9684
2009-12-30	2,9543
2009-12-29	2,9965
2009-12-28	2,9731
2009-12-23	2,9238
2009-12-22	2,8934
2009-12-21	2,8535
2009-12-18	2,8207
2009-12-17	2,8535
2009-12-16	2,9027
2009-12-15	2,8582
2009-12-14	2,8558
2009-12-11	2,8254
2009-12-10	2,8207
2009-12-09	2,8136
2009-12-08	2,83
2009-12-07	2,8535
2009-12-04	2,8887
2009-12-03	2,8089
2009-12-02	2,7691
2009-12-01	2,7691
2009-11-30	2,7058
2009-11-27	2,7245
2009-11-26	2,687
2009-11-25	2,8019
2009-11-24	2,7972
2009-11-23	2,7832
2009-11-20	2,7433
2009-11-19	2,7972
2009-11-18	2,891
2009-11-17	2,891
2009-11-16	2,9426
2009-11-13	2,8723
2009-11-12	2,8535
2009-11-11	2,8441
2009-11-10	2,7621
2009-11-09	2,7198
2009-11-06	2,68
2009-11-05	2,6847
2009-11-04	2,6401
2009-11-03	2,6331
2009-11-02	2,7011
2009-10-30	2,6964
2009-10-29	2,7621
2009-10-28	2,7034
2009-10-27	2,7363
2009-10-26	2,7667
2009-10-23	2,8558
2009-10-22	2,9051
2009-10-21	3,0012
2009-10-20	2,9684
2009-10-19	2,9942
2009-10-16	2,9098
2009-10-15	2,9543
2009-10-14	2,966
2009-10-13	2,898
2009-10-12	2,9473
2009-10-09	2,8957
2009-10-08	2,8629
2009-10-07	2,83
2009-10-06	2,8371
2009-10-05	2,6987
2009-10-02	2,7175
2009-10-01	2,7761
2009-09-30	2,8347
2009-09-29	2,8371
2009-09-28	2,8371
2009-09-25	2,7691
2009-09-24	2,8136
2009-09-23	2,9145
2009-09-22	2,8418
2009-09-21	2,8371
2009-09-18	2,8887
2009-09-17	2,8793
2009-09-16	2,8793
2009-09-15	2,823
2009-09-14	2,8113
2009-09-11	2,8394
2009-09-10	2,7855
2009-09-09	2,7855
2009-09-08	2,7597
2009-09-07	2,8113
2009-09-04	2,7574
2009-09-03	2,6823
2009-09-02	2,6683
2009-09-01	2,7269
2009-08-31	2,8347
2009-08-28	2,8652
2009-08-27	2,7972
2009-08-26	2,7878
2009-08-25	2,7222
2009-08-24	2,6636
2009-08-21	2,5932
2009-08-20	2,5463
2009-08-19	2,5229
2009-08-18	2,5862
2009-08-17	2,5792
2009-08-14	2,6894
2009-08-13	2,7409
2009-08-12	2,7011
2009-08-11	2,6917
2009-08-10	2,7386
2009-08-07	2,6589
2009-08-06	2,544
2009-08-05	2,4572
2009-08-04	2,4666
2009-08-03	2,4643
2009-07-31	2,4502
2009-07-30	2,4549
2009-07-29	2,3353
2009-07-28	2,3166
2009-07-27	2,34
2009-07-24	2,3588
2009-07-23	2,3517
2009-07-22	2,3025
2009-07-21	2,2978
2009-07-20	2,2368
2009-07-17	2,2275
2009-07-16	2,2345
2009-07-15	2,211
2009-07-14	2,1477
2009-07-13	2,0563
2009-07-10	2,0352
2009-07-09	2,0586
2009-07-08	2,0047
2009-07-07	2,0821
2009-07-06	2,0821
2009-07-03	2,1384
2009-07-02	2,1149
2009-07-01	2,2228
2009-06-30	2,1524
2009-06-29	2,1712
2009-06-26	2,1313
2009-06-25	2,1431
2009-06-24	2,1618
2009-06-23	2,0962
2009-06-22	2,1102
2009-06-19	2,1384
2009-06-18	2,1923
2009-06-17	2,1642
2009-06-16	2,1923
2009-06-15	2,2486
2009-06-12	2,3259
2009-06-11	2,3635
2009-06-10	2,3447
2009-06-09	2,2837
2009-06-08	2,2509
2009-06-05	2,3189
2009-06-04	2,3353
2009-06-03	2,3564
2009-06-02	2,4197
2009-06-01	2,4643
2009-05-29	2,3517
2009-05-28	2,3728
2009-05-27	2,4174
2009-05-26	2,4361
2009-05-25	2,4244
2009-05-22	2,4385
2009-05-21	2,4174
2009-05-20	2,4994
2009-05-19	2,4526
2009-05-18	2,4291
2009-05-15	2,3259
2009-05-14	2,1665
2009-05-13	2,1946
2009-05-12	2,3916
2009-05-11	2,3916
2009-05-08	2,401
2009-05-07	2,3212
2009-05-06	2,3728
2009-05-05	2,2931
2009-05-04	2,3212
2009-04-30	2,2861
2009-04-29	2,1571
2009-04-28	2,1055
2009-04-27	2,1806
2009-04-24	2,1618
2009-04-23	2,1196
2009-04-22	2,1407
2009-04-21	2,0891
2009-04-20	2,1008
2009-04-17	2,2134
2009-04-16	2,1712
2009-04-15	2,1477
2009-04-14	2,1853
2009-04-09	2,0915
2009-04-08	1,9578
2009-04-07	1,9039
2009-04-06	1,9836
2009-04-03	2,0305
2009-04-02	1,9977
2009-04-01	1,925
2009-03-31	1,9438
2009-03-30	1,8476
2009-03-27	2,0446
2009-03-26	2,0633
2009-03-25	1,9508
2009-03-24	1,9226
2009-03-23	1,9203
2009-03-20	1,7557
2009-03-19	1,7257
2009-03-18	1,7913
2009-03-17	1,6694
2009-03-16	1,6844
2009-03-13	1,601
2009-03-12	1,5944
2009-03-11	1,5963
2009-03-10	1,5194
2009-03-09	1,313
2009-03-06	1,3618
2009-03-05	1,4706
2009-03-04	1,6225
2009-03-03	1,5878
2009-03-02	1,6704
2009-02-27	1,8157
2009-02-26	1,8664
2009-02-25	1,7576
2009-02-24	1,7501
2009-02-23	1,645
2009-02-20	1,6694
2009-02-19	1,9719
2009-02-18	2,0024
2009-02-17	1,9672
2009-02-16	2,129
2009-02-13	2,204
2009-02-12	2,1548
2009-02-11	2,2368
2009-02-10	2,2744
2009-02-09	2,3142
2009-02-06	2,2603
2009-02-05	2,1712
2009-02-04	2,1946
2009-02-03	2,1853
2009-02-02	2,2439
2009-01-30	2,3189
2009-01-29	2,3259
2009-01-28	2,3588
2009-01-27	2,204
2009-01-26	2,1735
2009-01-23	2,0633
2009-01-22	2,0305
2009-01-21	2,0258
2009-01-20	2,1384
2009-01-19	2,2321
2009-01-16	2,3212
2009-01-15	2,2673
2009-01-14	2,3166
2009-01-13	2,3869
2009-01-12	2,4877
2009-01-09	2,4666
2009-01-08	2,5885
2009-01-07	2,5604
2009-01-06	2,5416
2009-01-05	2,4127
2009-01-02	2,3822
2008-12-30	2,3799
2008-12-29	2,3541
2008-12-23	2,3447
2008-12-22	2,3447
2008-12-19	2,408
2008-12-18	2,2884
2008-12-17	2,1618
2008-12-16	2,1384
2008-12-15	2,0422
2008-12-12	2,0985
2008-12-11	2,2017
2008-12-10	2,3025
2008-12-09	2,2603
2008-12-08	2,2157
2008-12-05	2,0117
2008-12-04	2,0938
2008-12-03	2,1571
2008-12-02	2,1126
2008-12-01	2,0235
2008-11-28	2,2134
2008-11-27	2,279
2008-11-26	2,2462
2008-11-25	2,204
2008-11-24	2,2415
2008-11-21	2,0047
2008-11-20	2,0258
2008-11-19	2,0071
2008-11-18	2,129
2008-11-17	2,0774
2008-11-14	2,2626
2008-11-13	2,2415
2008-11-12	2,197
2008-11-11	2,3588
2008-11-10	2,8371
2008-11-07	2,8343
2008-11-06	2,8418
2008-11-05	2,9074
2008-11-04	2,9825
2008-11-03	2,7292
2008-10-31	2,6645
2008-10-30	2,6167
2008-10-29	2,3916
2008-10-28	2,0352
2008-10-27	2,2209
2008-10-24	2,4713
2008-10-23	2,7696
2008-10-22	2,823
2008-10-21	2,9168
2008-10-20	2,8774
2008-10-17	2,823
2008-10-16	2,6823
2008-10-15	3,0669
2008-10-14	3,2422
2008-10-13	3,1494
2008-10-10	2,7198
2008-10-09	2,8605
2008-10-08	3,095
2008-10-07	3,2873
2008-10-06	3,2451
2008-10-03	3,6577
2008-10-02	3,5358
2008-10-01	3,5874
2008-09-30	3,6061
2008-09-29	3,5808
2008-09-26	3,7553
2008-09-25	3,7421
2008-09-24	3,6202
2008-09-23	3,5686
2008-09-22	3,6108
2008-09-19	3,6952
2008-09-18	3,3238
2008-09-17	3,2619
2008-09-16	3,3895
2008-09-15	3,5574
2008-09-12	3,6652
2008-09-11	3,578
2008-09-10	3,639
2008-09-09	3,7074
2008-09-08	3,6343
2008-09-05	3,5011
2008-09-04	3,5358
2008-09-03	3,6718
2008-09-02	3,6437
2008-09-01	3,488
2008-08-29	3,4448
2008-08-28	3,4139
2008-08-27	3,2132
2008-08-26	3,2291
2008-08-25	3,2029
2008-08-22	3,2526
2008-08-21	3,2075
2008-08-20	3,3323
2008-08-19	3,3951
2008-08-18	3,5105
2008-08-14	3,5264
2008-08-13	3,5264
2008-08-12	3,6577
2008-08-11	3,6934
2008-08-08	3,6015
2008-08-07	3,6146
2008-08-06	3,6127
2008-08-05	3,5921
2008-08-04	3,3886
2008-08-01	3,4167
2008-07-31	3,3979
2008-07-30	3,3932
2008-07-29	3,3782
2008-07-28	3,4401
2008-07-25	3,4561
2008-07-24	3,487
2008-07-23	3,3745
2008-07-22	3,201
2008-07-21	3,2535
2008-07-18	3,2591
2008-07-17	3,2385
2008-07-16	3,215
2008-07-15	3,1747
2008-07-14	3,2844
2008-07-11	3,292
2008-07-10	3,4589
2008-07-09	3,4448
2008-07-08	3,3904
2008-07-07	3,442
2008-07-04	3,4308
2008-07-03	3,5245
2008-07-02	3,4589
2008-07-01	3,4026
2008-06-30	3,4026
2008-06-27	3,3951
2008-06-26	3,4233
2008-06-25	3,4683
2008-06-24	3,3698
2008-06-23	3,3717
2008-06-20	3,4026
2008-06-19	3,4589
2008-06-18	3,4983
2008-06-17	3,5386
2008-06-16	3,517
2008-06-13	3,6033
2008-06-12	3,5855
2008-06-11	3,5499
2008-06-10	3,6587
2008-06-09	3,6577
2008-06-06	3,6746
2008-06-05	3,8012
2008-06-04	3,8716
2008-06-03	3,8716
2008-06-02	3,8734
2008-05-30	3,9532
2008-05-29	3,8734
2008-05-28	3,9016
2008-05-27	3,9231
2008-05-26	3,8856
2008-05-23	3,911
2008-05-22	3,9306
2008-05-21	3,9053
2008-05-20	3,9625
2008-05-19	4,0038
2008-05-16	4,3424
2008-05-15	4,3677
2008-05-14	4,3489
2008-05-13	4,2392
2008-05-12	4,227
2008-05-09	4,273
2008-05-08	4,3461
2008-05-07	4,4746
2008-05-06	4,4887
2008-05-05	4,5093
2008-05-02	4,559
2008-04-30	4,5093
2008-04-29	4,469
2008-04-28	4,4999
2008-04-25	4,5159
2008-04-24	4,5112
2008-04-23	4,4981
2008-04-22	4,5009
2008-04-21	4,5271
2008-04-18	4,5393
2008-04-17	4,4493
2008-04-16	4,4409
2008-04-15	4,3677
2008-04-14	4,3564
2008-04-11	4,4062
2008-04-10	4,4127
2008-04-09	4,4643
2008-04-08	4,5093
2008-04-07	4,5093
2008-04-04	4,4512
2008-04-03	4,453
2008-04-02	4,4831
2008-04-01	4,3564
2008-03-31	4,1876
2008-03-28	4,2186
2008-03-27	4,2139
2008-03-26	4,1529
2008-03-25	4,2233
2008-03-20	4,0713
2008-03-19	3,9841
2008-03-18	4,1529
2008-03-17	4,0188
2008-03-14	4,1482
2008-03-13	4,1342
2008-03-12	4,1867
2008-03-11	4,1173
2008-03-10	3,9532
2008-03-07	3,9869
2008-03-06	4,0216
2008-03-05	4,122
2008-03-04	4,0544
2008-03-03	4,1304
2008-02-29	4,1736
2008-02-28	4,2251
2008-02-27	4,3405
2008-02-26	4,3142
2008-02-25	4,2017
2008-02-22	4,1201
2008-02-21	4,257
2008-02-20	4,2439
2008-02-19	4,2533
2008-02-18	4,2627
2008-02-15	4,1829
2008-02-14	4,272
2008-02-13	4,2805
2008-02-12	4,2561
2008-02-11	4,1342
2008-02-08	4,1736
2008-02-07	4,2542
2008-02-06	4,303
2008-02-05	4,2908
2008-02-04	4,4906
2008-02-01	4,4662
2008-01-31	4,4577
2008-01-30	4,4455
2008-01-29	4,4699
2008-01-28	4,4427
2008-01-25	4,378
2008-01-24	4,4315
2008-01-23	4,3142
2008-01-22	4,4924
2008-01-21	4,4033
2008-01-18	4,6378
2008-01-17	4,7203
2008-01-16	4,7654
2008-01-15	4,7926
2008-01-14	4,9661
2008-01-11	4,9482
2008-01-10	4,877
2008-01-09	4,8038
2008-01-08	4,862
2008-01-07	4,9417
2008-01-04	4,9473
2008-01-03	4,9848
2008-01-02	4,9726
2007-12-28	5,0739
2007-12-27	5,0411
2007-12-21	5,013
2007-12-20	4,9332
2007-12-19	5,0364
2007-12-18	5,0645
2007-12-17	5,0552
2007-12-14	5,0992
2007-12-13	5,0692
2007-12-12	5,1086
2007-12-11	5,1349
2007-12-10	5,1536
2007-12-07	5,1443
2007-12-06	5,1377
2007-12-05	5,1067
2007-12-04	5,0411
2007-12-03	5,0786
2007-11-30	5,1114
2007-11-29	5,0495
2007-11-28	5,0083
2007-11-27	4,8863
2007-11-26	4,8901
2007-11-23	4,8957
2007-11-22	4,7916
2007-11-21	4,7879
2007-11-20	4,8516
2007-11-19	4,7926
2007-11-16	4,8535
2007-11-15	4,8263
2007-11-14	4,8723
2007-11-13	4,9614
2007-11-12	4,891
2007-11-09	4,8207
2007-11-08	4,8488
2007-11-07	4,9576
2007-11-06	4,9698
2007-11-05	4,9576
2007-11-02	4,9651
2007-11-01	5,028
2007-10-31	5,118
2007-10-30	5,1058
2007-10-29	5,0683
2007-10-26	5,0223
2007-10-25	4,9539
2007-10-24	4,967
2007-10-23	5,0242
2007-10-22	4,9933
2007-10-19	5,057
2007-10-18	5,0101
2007-10-17	5,0308
2007-10-16	5,0636
2007-10-15	5,0505
2007-10-12	5,1583
2007-10-11	5,1705
2007-10-10	5,194
2007-10-09	5,2437
2007-10-08	5,2352
2007-10-05	5,2887
2007-10-04	5,2831
2007-10-03	5,2108
2007-10-02	5,1565
2007-10-01	5,1865
2007-09-28	5,0777
2007-09-27	5,058
2007-09-26	5,0664
2007-09-25	5,057
2007-09-24	5,1002
2007-09-21	5,088
2007-09-20	5,163
2007-09-19	5,1733
2007-09-18	5,073
2007-09-17	4,9867
2007-09-14	4,9576
2007-09-13	4,9717
2007-09-12	4,9557
2007-09-11	4,9595
2007-09-10	4,862
2007-09-07	4,8882
2007-09-06	5,043
2007-09-05	5,0505
2007-09-04	5,2043
2007-09-03	5,2052
2007-08-31	5,1865
2007-08-30	5,1527
2007-08-29	5,163
2007-08-28	5,1677
2007-08-27	5,2624
2007-08-24	5,2709
2007-08-23	5,284
2007-08-22	5,2709
2007-08-21	5,2709
2007-08-20	5,269
2007-08-17	5,2615
2007-08-16	5,0917
2007-08-14	5,2456
2007-08-13	5,2849
2007-08-10	5,1949
2007-08-09	5,299
2007-08-08	5,375
2007-08-07	5,2709
2007-08-06	5,1302
2007-08-03	5,1686
2007-08-02	5,179
2007-08-01	5,1349
2007-07-31	5,238
2007-07-30	5,1086
2007-07-27	5,1414
2007-07-26	5,0205
2007-07-25	5,0411
2007-07-24	5,0045
2007-07-23	5,0814
2007-07-20	5,0523
2007-07-19	5,1349
2007-07-18	5,0749
2007-07-17	5,1114
2007-07-16	5,1471
2007-07-13	5,1208
2007-07-12	5,027
2007-07-11	5,0186
2007-07-10	5,027
2007-07-09	5,1161
2007-07-06	5,1161
2007-07-05	5,1536
2007-07-04	5,2052
2007-07-03	5,2146
2007-07-02	5,1799
2007-06-29	5,1865
2007-06-28	5,1358
2007-06-27	5,1264
2007-06-26	5,1883
2007-06-25	5,2118
2007-06-22	5,2409
2007-06-21	5,2643
2007-06-20	5,314
2007-06-19	5,3553
2007-06-18	5,345
2007-06-15	5,3637
2007-06-14	5,2427
2007-06-13	5,1724
2007-06-12	5,1161
2007-06-11	5,1574
2007-06-08	5,178
2007-06-07	5,1818
2007-06-06	5,2456
2007-06-05	5,2971
2007-06-04	5,2399
2007-06-01	5,2896
2007-05-31	5,3178
2007-05-30	5,3384
2007-05-29	5,3103
2007-05-28	5,314
2007-05-25	5,2943
2007-05-24	5,3422
2007-05-23	5,4369
2007-05-22	5,3919
2007-05-21	5,3825
2007-05-18	5,7117
2007-05-17	5,6789
2007-05-16	5,6985
2007-05-15	5,6648
2007-05-14	5,7257
2007-05-11	5,7248
2007-05-10	5,8036
2007-05-09	5,8355
2007-05-08	5,8214
2007-05-07	5,8664
2007-05-04	5,8148
2007-05-03	5,7745
2007-05-02	5,8102
2007-04-30	5,7961
2007-04-27	5,782
2007-04-26	5,7886
2007-04-25	5,783
2007-04-24	5,6742
2007-04-23	5,6479
2007-04-20	5,6001
2007-04-19	5,5053
2007-04-18	5,5701
2007-04-17	5,5982
2007-04-16	5,601
2007-04-13	5,5138
2007-04-12	5,4913
2007-04-11	5,5654
2007-04-10	5,5232
2007-04-05	5,3928
2007-04-04	5,3975
2007-04-03	5,3928
2007-04-02	5,3075
2007-03-30	5,3328
2007-03-29	5,3412
2007-03-28	5,2427
2007-03-27	5,3046
2007-03-26	5,3609
2007-03-23	5,4191
2007-03-22	5,3722
2007-03-21	5,2277
2007-03-20	5,0636
2007-03-19	5,0589
2007-03-16	4,9895
2007-03-15	5,0092
2007-03-14	4,9145
2007-03-13	5,013
2007-03-12	5,0523
2007-03-09	5,1077
2007-03-08	5,1077
2007-03-07	5,0495
2007-03-06	5,103
2007-03-05	5,0833
2007-03-02	5,1724
2007-03-01	5,1574
2007-02-28	5,1696
2007-02-27	5,2362
2007-02-26	5,3562
2007-02-23	5,3422
2007-02-22	5,2587
2007-02-21	5,239
2007-02-20	5,3018
2007-02-19	5,3346
2007-02-16	5,3356
2007-02-15	5,3478
2007-02-14	5,3703
2007-02-13	5,3075
2007-02-12	5,3159
2007-02-09	5,4116
2007-02-08	5,3506
2007-02-07	5,4012
2007-02-06	5,3797
2007-02-05	5,39
2007-02-02	5,4341
2007-02-01	5,4481
2007-01-31	5,4313
2007-01-30	5,4303
2007-01-29	5,4866
2007-01-26	5,4631
2007-01-25	5,5288
2007-01-24	5,5588
2007-01-23	5,5504
2007-01-22	5,4838
2007-01-19	5,4134
2007-01-18	5,3468
2007-01-17	5,4031
2007-01-16	5,4359
2007-01-15	5,466
2007-01-12	5,4191
2007-01-11	5,3815
2007-01-10	5,2662
2007-01-09	5,3468
2007-01-08	5,3234
2007-01-05	5,3759
2007-01-04	5,4191
2007-01-03	5,5016
2007-01-02	5,4753
2006-12-29	5,4866
2006-12-28	5,2456
2006-12-27	5,1161
2006-12-22	5,057
2006-12-21	5,1086
2006-12-20	5,0645
2006-12-19	5,0458
2006-12-18	5,0523
2006-12-15	5,0336
2006-12-14	5,0036
2006-12-13	5,0083
2006-12-12	4,9829
2006-12-11	4,9783
2006-12-08	4,9829
2006-12-07	5,0345
2006-12-06	5,0655
2006-12-05	5,0055
2006-12-04	5,0026
2006-12-01	4,9604
2006-11-30	5,0036
2006-11-29	5,0814
2006-11-28	5,073
2006-11-27	5,0833
2006-11-24	5,1743
2006-11-23	5,2174
2006-11-22	5,224
2006-11-21	5,194
2006-11-20	5,1752
2006-11-17	5,1593
2006-11-16	5,133
2006-11-15	5,1743
2006-11-14	5,0889
2006-11-13	5,0889
2006-11-10	5,0383
2006-11-09	5,0176
2006-11-08	5,0036
2006-11-07	5,042
2006-11-06	5,0552
2006-11-03	5,0242
2006-11-02	5,0205
2006-11-01	5,0477
2006-10-31	5,0233
2006-10-30	4,9708
2006-10-27	4,9295
2006-10-26	4,9464
2006-10-25	4,9942
2006-10-24	4,998
2006-10-23	4,9895
2006-10-20	5,0064
2006-10-19	5,0176
2006-10-18	5,0824
2006-10-17	5,0805
2006-10-16	5,1171
2006-10-13	5,1096
2006-10-12	5,2334
2006-10-11	5,2718
2006-10-10	5,193
2006-10-09	5,0552
2006-10-06	4,9445
2006-10-05	4,9351
2006-10-04	4,9492
2006-10-03	4,8732
2006-10-02	4,847
2006-09-29	4,8666
2006-09-28	4,8582
2006-09-27	4,7963
2006-09-26	4,7907
2006-09-25	4,7785
2006-09-22	4,7832
2006-09-21	4,8432
2006-09-20	4,771
2006-09-19	4,7654
2006-09-18	4,7579
2006-09-15	4,8188
2006-09-14	4,8141
2006-09-13	4,8132
2006-09-12	4,7944
2006-09-11	4,8019
2006-09-08	4,8807
2006-09-07	4,9332
2006-09-06	4,9398
2006-09-05	4,892
2006-09-04	4,8929
2006-09-01	4,9698
2006-08-31	4,9145
2006-08-30	4,8666
2006-08-29	4,7569
2006-08-28	4,68
2006-08-25	4,7513
2006-08-24	4,7128
2006-08-23	4,3799
2006-08-22	4,4221
2006-08-21	4,408
2006-08-18	4,4671
2006-08-17	4,4737
2006-08-16	4,3761
2006-08-14	4,2833
2006-08-11	4,2514
2006-08-10	4,2702
2006-08-09	4,333
2006-08-08	4,2392
2006-08-07	4,2083
2006-08-04	4,2392
2006-08-03	4,2092
2006-08-02	4,2476
2006-08-01	4,2017
2006-07-31	4,2467
2006-07-28	4,2758
2006-07-27	4,227
2006-07-26	4,1595
2006-07-25	4,1314
2006-07-24	4,1736
2006-07-21	4,0582
2006-07-20	4,0938
2006-07-19	4,1248
2006-07-18	3,9879
2006-07-17	4,0319
2006-07-14	4,0507
2006-07-13	4,076
2006-07-12	4,1539
2006-07-11	4,1698
2006-07-10	4,2223
2006-07-07	4,2092
2006-07-06	4,2608
2006-07-05	4,2983
2006-07-04	4,3358
2006-07-03	4,3367
2006-06-30	4,2936
2006-06-29	4,2598
2006-06-28	4,1782
2006-06-27	4,1782
2006-06-26	4,2101
2006-06-23	4,2026
2006-06-22	4,1782
2006-06-21	4,1548
2006-06-20	4,136
2006-06-19	4,152
2006-06-16	4,1032
2006-06-15	4,1923
2006-06-14	4,1173
2006-06-13	4,0985
2006-06-12	4,1736
2006-06-09	4,2345
2006-06-08	4,1876
2006-06-07	4,272
2006-06-06	4,1811
2006-06-05	4,2795
2006-06-02	4,2711
2006-06-01	4,2748
2006-05-31	4,2373
2006-05-30	4,1464
2006-05-29	4,2148
2006-05-26	4,2542
2006-05-25	4,2401
2006-05-24	4,1754
2006-05-23	4,2017
2006-05-22	4,1811
2006-05-19	4,2486
2006-05-18	4,2261
2006-05-17	4,2392
2006-05-16	4,4015
2006-05-15	4,4296
2006-05-12	4,4821
2006-05-11	4,589
2006-05-10	4,5675
2006-05-09	4,56
2006-05-08	4,5478
2006-05-05	4,4924
2006-05-04	4,4052
2006-05-03	4,3724
2006-05-02	4,4521
2006-04-28	4,4174
2006-04-27	4,4437
2006-04-26	4,5121
2006-04-25	4,4343
2006-04-24	4,4502
2006-04-21	4,7016
2006-04-20	4,6885
2006-04-19	4,5909
2006-04-18	4,4587
2006-04-13	4,544
2006-04-12	4,5581
2006-04-11	4,5375
2006-04-10	4,6894
2006-04-07	4,6472
2006-04-06	4,695
2006-04-05	4,7672
2006-04-04	4,6734
2006-04-03	4,6988
2006-03-31	4,6237
2006-03-30	4,6706
2006-03-29	4,6003
2006-03-28	4,6528
2006-03-27	4,5909
2006-03-24	4,6294
2006-03-23	4,6997
2006-03-22	4,7382
2006-03-21	4,8076
2006-03-20	4,7832
2006-03-17	4,7644
2006-03-16	4,816
2006-03-15	4,8629
2006-03-14	4,7766
2006-03-13	4,741
2006-03-10	4,7532
2006-03-09	4,6669
2006-03-08	4,5243
2006-03-07	4,5384
2006-03-06	4,5618
2006-03-03	4,589
2006-03-02	4,6209
2006-03-01	4,6472
2006-02-28	4,6519
2006-02-27	4,741
2006-02-24	4,6547
2006-02-23	4,6481
2006-02-22	4,695
2006-02-21	4,6247
2006-02-20	4,5074
2006-02-17	4,4999
2006-02-16	4,439
2006-02-15	4,4146
2006-02-14	4,4774
2006-02-13	4,4784
2006-02-10	4,4202
2006-02-09	4,514
2006-02-08	4,4887
2006-02-07	4,5112
2006-02-06	4,5806
2006-02-03	4,438
2006-02-02	4,4484
2006-02-01	4,4849
2006-01-31	4,3921
2006-01-30	4,3508
2006-01-27	4,3199
2006-01-26	4,3227
2006-01-25	4,2092
2006-01-24	4,1342
2006-01-23	4,1623
2006-01-20	4,1548
2006-01-19	4,2195
2006-01-18	4,228
2006-01-17	4,2373
2006-01-16	4,2889
2006-01-13	4,2373
2006-01-12	4,2673
2006-01-11	4,2317
2006-01-10	4,152
2006-01-09	4,1623
2006-01-06	4,2111
2006-01-05	4,1998
2006-01-04	4,272
2006-01-03	4,2092
2006-01-02	4,2317
2005-12-30	4,197
2005-12-29	4,2308
2005-12-28	4,2111
2005-12-27	4,1539
2005-12-23	4,1454
2005-12-22	4,136
2005-12-21	4,1848
2005-12-20	4,1679
2005-12-19	4,1126
2005-12-16	3,9982
2005-12-15	3,9335
2005-12-14	3,925
2005-12-13	3,895
2005-12-12	3,9091
2005-12-09	3,8988
2005-12-08	3,8931
2005-12-07	3,8809
2005-12-06	3,8922
2005-12-05	3,8997
2005-12-02	3,8791
2005-12-01	3,8969
2005-11-30	3,8453
2005-11-29	3,8828
2005-11-28	3,9016
2005-11-25	3,9156
2005-11-24	3,8969
2005-11-23	3,8378
2005-11-22	3,8172
2005-11-21	3,8012
2005-11-18	3,8097
2005-11-17	3,775
2005-11-16	3,7731
2005-11-15	3,774
2005-11-14	3,8378
2005-11-11	3,7815
2005-11-10	3,7374
2005-11-09	3,7159
2005-11-08	3,7168
2005-11-07	3,7374
2005-11-04	3,6577
2005-11-03	3,6868
2005-11-02	3,6483
2005-11-01	3,6474
2005-10-31	3,6512
2005-10-28	3,5977
2005-10-27	3,6108
2005-10-26	3,6286
2005-10-25	3,5602
2005-10-24	3,5855
2005-10-21	3,5574
2005-10-20	3,548
2005-10-19	3,5133
2005-10-18	3,5846
2005-10-17	3,6108
2005-10-14	3,6343
2005-10-13	3,5771
2005-10-12	3,5386
2005-10-11	3,5724
2005-10-10	3,5686
2005-10-07	3,5874
2005-10-06	3,6211
2005-10-05	3,6277
2005-10-04	3,6455
2005-10-03	3,6577
2005-09-30	3,6362
2005-09-29	3,6343
2005-09-28	3,6493
2005-09-27	3,638
2005-09-26	3,6952
2005-09-23	3,6605
2005-09-22	3,6577
2005-09-21	3,6652
2005-09-20	3,7018
2005-09-19	3,6999
2005-09-16	3,7065
2005-09-15	3,6699
2005-09-14	3,6746
2005-09-13	3,6296
2005-09-12	3,653
2005-09-09	3,6521
2005-09-08	3,6605
2005-09-07	3,6502
2005-09-06	3,6905
2005-09-05	3,7046
2005-09-02	3,7224
2005-09-01	3,7121
2005-08-31	3,6624
2005-08-30	3,6249
2005-08-29	3,6577
2005-08-26	3,6136
2005-08-25	3,6568
2005-08-24	3,6981
2005-08-23	3,6952
2005-08-22	3,6859
2005-08-19	3,7346
2005-08-18	3,6765
2005-08-17	3,6849
2005-08-16	3,7187
2005-08-12	3,7299
2005-08-11	3,7731
2005-08-10	3,8059
2005-08-09	3,7656
2005-08-08	3,7656
2005-08-05	3,7431
2005-08-04	3,7553
2005-08-03	3,789
2005-08-02	3,8059
2005-08-01	3,7965
2005-07-29	3,7609
2005-07-28	3,7703
2005-07-27	3,7759
2005-07-26	3,7853
2005-07-25	3,8022
2005-07-22	3,7984
2005-07-21	3,775
2005-07-20	3,8087
2005-07-19	3,8406
2005-07-18	3,7993
2005-07-15	3,789
2005-07-14	3,8397
2005-07-13	3,82
2005-07-12	3,6549
2005-07-11	3,6887
2005-07-08	3,6362
2005-07-07	3,5583
2005-07-06	3,6343
2005-07-05	3,5658
2005-07-04	3,5499
2005-07-01	3,5639
2005-06-30	3,5499
2005-06-29	3,5067
2005-06-28	3,4917
2005-06-27	3,4701
2005-06-24	3,5105
2005-06-23	3,5489
2005-06-22	3,5489
2005-06-21	3,5077
2005-06-20	3,5161
2005-06-17	3,5461
2005-06-16	3,5311
2005-06-15	3,5199
2005-06-14	3,5639
2005-06-13	3,5761
2005-06-10	3,6099
2005-06-09	3,5339
2005-06-08	3,5639
2005-06-07	3,5949
2005-06-06	3,5583
2005-06-03	3,5611
2005-06-02	3,609
2005-06-01	3,6061
2005-05-31	3,5649
2005-05-30	3,517
2005-05-27	3,4383
2005-05-26	3,472
2005-05-25	3,4223
2005-05-24	3,3979
2005-05-23	3,4326
2005-05-20	3,4064
2005-05-19	3,4233
2005-05-18	3,4167
2005-05-17	3,4007
2005-05-16	3,4701
2005-05-13	3,473
2005-05-12	3,4823
2005-05-11	3,4964
2005-05-10	3,473
2005-05-09	3,4983
2005-05-06	3,4889
2005-05-05	3,5386
2005-05-04	3,5592
2005-05-03	3,5236
2005-05-02	3,517
2005-04-29	3,458
2005-04-28	3,4626
2005-04-27	3,4167
2005-04-26	3,5077
2005-04-25	3,4045
2005-04-22	3,4026
2005-04-21	3,4026
2005-04-20	3,427
2005-04-19	3,3942
2005-04-18	3,3745
2005-04-15	3,5592
2005-04-14	3,684
2005-04-13	3,6877
2005-04-12	3,7046
2005-04-11	3,6952
2005-04-08	3,6934
2005-04-07	3,6765
2005-04-06	3,6765
2005-04-05	3,639
2005-04-04	3,639
2005-04-01	3,6765
2005-03-31	3,6765
2005-03-30	3,6015
2005-03-29	3,6202
2005-03-24	3,6605
2005-03-23	3,578
2005-03-22	3,5621
2005-03-21	3,5095
2005-03-18	3,4908
2005-03-17	3,4261
2005-03-16	3,4354
2005-03-15	3,5095
2005-03-14	3,4795
2005-03-11	3,4261
2005-03-10	3,4317
2005-03-09	3,4064
2005-03-08	3,381
2005-03-07	3,4289
2005-03-04	3,5048
2005-03-03	3,4748
2005-03-02	3,4852
2005-03-01	3,4814
2005-02-28	3,4701
2005-02-25	3,4861
2005-02-24	3,4317
2005-02-23	3,4786
2005-02-22	3,4767
2005-02-21	3,4261
2005-02-18	3,4758
2005-02-17	3,5048
2005-02-16	3,5442
2005-02-15	3,6015
2005-02-14	3,5255
2005-02-11	3,5339
2005-02-10	3,5189
2005-02-09	3,5086
2005-02-08	3,4233
2005-02-07	3,3923
2005-02-04	3,3932
2005-02-03	3,3257
2005-02-02	3,3135
2005-02-01	3,3539
2005-01-31	3,3407
2005-01-28	3,3388
2005-01-27	3,3201
2005-01-26	3,3388
2005-01-25	3,367
2005-01-24	3,366
2005-01-21	3,3857
2005-01-20	3,397
2005-01-19	3,4111
2005-01-18	3,3717
2005-01-17	3,3857
2005-01-14	3,352
2005-01-13	3,3614
2005-01-12	3,366
2005-01-11	3,3735
2005-01-10	3,412
2005-01-07	3,4064
2005-01-06	3,3932
2005-01-05	3,3379
2005-01-04	3,306
2005-01-03	3,3013
2004-12-30	3,3201
2004-12-29	3,2826
2004-12-28	3,3107
2004-12-27	3,3013
2004-12-23	3,3285
2004-12-22	3,307
2004-12-21	3,2629
2004-12-20	3,2957
2004-12-17	3,2948
2004-12-16	3,2826
2004-12-15	3,2244
2004-12-14	3,2451
2004-12-13	3,2441
2004-12-10	3,2075
2004-12-09	3,1944
2004-12-08	3,215
2004-12-07	3,2019
2004-12-06	3,1897
2004-12-03	3,1953
2004-12-02	3,1841
2004-12-01	3,1606
2004-11-30	3,1231
2004-11-29	3,1447
2004-11-26	3,1606
2004-11-25	3,1728
2004-11-24	3,1531
2004-11-23	3,1606
2004-11-22	3,1785
2004-11-19	3,2591
2004-11-18	3,2648
2004-11-17	3,2807
2004-11-16	3,17
2004-11-15	3,2038
2004-11-12	3,2254
2004-11-11	3,1832
2004-11-10	3,2085
2004-11-09	3,2254
2004-11-08	3,1841
2004-11-05	3,064
2004-11-04	3,0519
2004-11-03	3,0687
2004-11-02	3,0687
2004-11-01	3,0265
2004-10-29	3,0106
2004-10-28	3,0218
2004-10-27	2,9918
2004-10-26	2,9628
2004-10-25	2,9646
2004-10-22	3,0387
2004-10-21	2,9853
2004-10-20	2,9628
2004-10-19	2,9825
2004-10-18	2,9468
2004-10-15	2,9618
2004-10-14	2,9956
2004-10-13	3,0434
2004-10-12	2,9853
2004-10-11	2,989
2004-10-08	2,9365
2004-10-07	2,9093
2004-10-06	2,8952
2004-10-05	2,9393
2004-10-04	2,898
2004-10-01	2,8793
2004-09-30	2,8671
2004-09-29	2,8615
2004-09-28	2,8418
2004-09-27	2,8258
2004-09-24	2,8427
2004-09-23	2,9074
2004-09-22	2,8952
2004-09-21	2,913
2004-09-20	2,8727
2004-09-17	2,8746
2004-09-16	2,8774
2004-09-15	2,8511
2004-09-14	2,8408
2004-09-13	2,8699
2004-09-10	2,8699
2004-09-09	2,8568
2004-09-08	2,838
2004-09-07	2,8202
2004-09-06	2,8727
2004-09-03	2,944
2004-09-02	2,9234
2004-09-01	2,8511
2004-08-31	2,8296
2004-08-30	2,8418
2004-08-27	2,8511
2004-08-26	2,8249
2004-08-25	2,7892
2004-08-24	2,7705
2004-08-23	2,7761
2004-08-20	2,7217
2004-08-19	2,748
2004-08-18	2,7621
2004-08-17	2,7602
2004-08-16	2,7311
2004-08-13	2,6786
2004-08-12	2,703
2004-08-11	2,7874
2004-08-10	2,8324
2004-08-09	2,8343
2004-08-06	2,869
2004-08-05	2,9093
2004-08-04	2,9037
2004-08-03	2,9252
2004-08-02	2,9187
2004-07-30	2,8896
2004-07-29	2,9027
2004-07-28	2,8708
2004-07-27	2,8755
2004-07-26	2,8324
2004-07-23	2,853
2004-07-22	2,8605
2004-07-21	2,9149
2004-07-20	2,9037
2004-07-19	2,8652
2004-07-16	2,8455
2004-07-15	2,9018
2004-07-14	2,9074
2004-07-13	2,9543
2004-07-12	2,9599
2004-07-09	2,9637
2004-07-08	2,9534
2004-07-07	2,9412
2004-07-06	2,9234
2004-07-05	2,9637
2004-07-02	2,9374
2004-07-01	2,9553
2004-06-30	3,0115
2004-06-29	2,9975
2004-06-28	2,9843
2004-06-25	2,9449
2004-06-24	2,8971
2004-06-23	2,8821
2004-06-22	2,8596
2004-06-21	2,8962
2004-06-18	2,869
2004-06-17	2,854
2004-06-16	2,8812
2004-06-15	2,9084
2004-06-14	2,8765
2004-06-11	2,8502
2004-06-10	2,8699
2004-06-09	2,8727
2004-06-08	2,8521
2004-06-07	2,8427
2004-06-04	2,8249
2004-06-03	2,7564
2004-06-02	2,7667
2004-06-01	2,7677
2004-05-31	2,7883
2004-05-28	2,7574
2004-05-27	2,8071
2004-05-26	2,8296
2004-05-25	2,7883
2004-05-24	2,8408
2004-05-21	2,7883
2004-05-20	2,7864
2004-05-19	2,7714
2004-05-18	2,7161
2004-05-17	2,687
2004-05-14	2,733
2004-05-13	2,7752
2004-05-12	2,7142
2004-05-11	2,6279
2004-05-10	2,5135
2004-05-07	2,5445
2004-05-06	2,5182
2004-05-05	2,6073
2004-05-04	2,6054
2004-05-03	2,5932
2004-04-30	2,5904
2004-04-29	2,6214
2004-04-28	2,6279
2004-04-27	2,6411
2004-04-26	2,6232
2004-04-23	2,5914
2004-04-22	2,5885
2004-04-21	2,5688
2004-04-20	2,5801
2004-04-19	2,5191
2004-04-16	2,6495
2004-04-15	2,6711
2004-04-14	2,7077
2004-04-13	2,7377
2004-04-08	2,6908
2004-04-07	2,7002
2004-04-06	2,6579
2004-04-05	2,6823
2004-04-02	2,6411
2004-04-01	2,5745
2004-03-31	2,5229
2004-03-30	2,5651
2004-03-29	2,5839
2004-03-26	2,5773
2004-03-25	2,6026
2004-03-24	2,5304
2004-03-23	2,5735
2004-03-22	2,5454
2004-03-19	2,5463
2004-03-18	2,5388
2004-03-17	2,5923
2004-03-16	2,581
2004-03-15	2,6035
2004-03-12	2,7086
2004-03-11	2,7536
2004-03-10	2,7977
2004-03-09	2,7292
2004-03-08	2,7358
2004-03-05	2,7799
2004-03-04	2,6908
2004-03-03	2,7011
2004-03-02	2,7452
2004-03-01	2,7827
2004-02-27	2,8043
2004-02-26	2,7799
2004-02-25	2,7808
2004-02-24	2,7808
2004-02-23	2,8193
2004-02-20	2,7892
2004-02-19	2,8793
2004-02-18	2,8934
2004-02-17	2,9149
2004-02-16	2,9074
2004-02-13	2,8708
2004-02-12	2,9252
2004-02-11	2,8633
2004-02-10	2,8577
2004-02-09	2,8427
2004-02-06	2,8052
2004-02-05	2,8446
2004-02-04	2,9271
2004-02-03	2,869
2004-02-02	2,883
2004-01-30	2,9318
2004-01-29	2,9778
2004-01-28	2,9928
2004-01-27	3,0256
2004-01-26	2,9393
2004-01-23	2,9468
2004-01-22	2,9674
2004-01-21	2,9796
2004-01-20	2,9646
2004-01-19	2,9946
2004-01-16	2,9149
2004-01-15	2,8615
2004-01-14	2,8296
2004-01-13	2,702
2004-01-12	2,8521
2004-01-09	2,9402
2004-01-08	2,8371
2004-01-07	2,6992
2004-01-06	2,898
2004-01-05	2,8887
2004-01-02	2,9393
2003-12-30	2,9074
2003-12-29	2,9346
2003-12-23	2,9646
2003-12-22	2,8812
2003-12-19	2,9815
2003-12-18	3,1091
2003-12-17	3,08
2003-12-16	3,0097
2003-12-15	2,9909
2003-12-12	2,9187
2003-12-11	2,9252
2003-12-10	2,8774
2003-12-09	2,9609
2003-12-08	3,0387
2003-12-05	3,0434
2003-12-04	3,1241
2003-12-03	2,9825
2003-12-02	3,0021
2003-12-01	2,9862
2003-11-28	2,9468
2003-11-27	2,9581
2003-11-26	2,99
2003-11-25	2,9703
2003-11-24	2,8934
2003-11-21	2,7986
2003-11-20	2,808
2003-11-19	2,838
2003-11-18	2,8774
2003-11-17	2,8596
2003-11-14	2,9215
2003-11-13	2,9046
2003-11-12	2,839
2003-11-11	2,8118
2003-11-10	2,853
2003-11-07	2,869
2003-11-06	2,7705
2003-11-05	2,7611
2003-11-04	2,7602
2003-11-03	2,7264
2003-10-31	2,7255
2003-10-30	2,6814
2003-10-29	2,6026
2003-10-28	2,5642
2003-10-27	2,5416
2003-10-24	2,5388
2003-10-23	2,5492
2003-10-22	2,581
2003-10-21	2,6101
2003-10-20	2,6073
2003-10-17	2,5529
2003-10-16	2,5876
2003-10-15	2,6082
2003-10-14	2,6073
2003-10-13	2,6167
2003-10-10	2,5923
2003-10-09	2,6064
2003-10-08	2,567
2003-10-07	2,5782
2003-10-06	2,5932
2003-10-03	2,5885
2003-10-02	2,521
2003-10-01	2,537
2003-09-30	2,4385
2003-09-29	2,4994
2003-09-26	2,5285
2003-09-25	2,5463
2003-09-24	2,5857
2003-09-23	2,5942
2003-09-22	2,6345
2003-09-19	2,702
2003-09-18	2,687
2003-09-17	2,6129
2003-09-16	2,612
2003-09-15	2,5839
2003-09-12	2,5792
2003-09-11	2,5839
2003-09-10	2,5876
2003-09-09	2,5885
2003-09-08	2,6645
2003-09-05	2,718
2003-09-04	2,6833
2003-09-03	2,7386
2003-09-02	2,6495
2003-09-01	2,6073
2003-08-29	2,5642
2003-08-28	2,5998
2003-08-27	2,6307
2003-08-26	2,596
2003-08-25	2,6186
2003-08-22	2,642
2003-08-21	2,6851
2003-08-20	2,7048
2003-08-19	2,7133
2003-08-18	2,7198
2003-08-14	2,702
2003-08-13	2,7002
2003-08-12	2,7283
2003-08-11	2,7133
2003-08-08	2,7114
2003-08-07	2,6654
2003-08-06	2,6739
2003-08-05	2,7067
2003-08-04	2,7255
2003-08-01	2,7789
2003-07-31	2,7986
2003-07-30	2,7752
2003-07-29	2,7696
2003-07-28	2,7968
2003-07-25	2,7236
2003-07-24	2,7227
2003-07-23	2,642
2003-07-22	2,6626
2003-07-21	2,6786
2003-07-18	2,7198
2003-07-17	2,6504
2003-07-16	2,6795
2003-07-15	2,7311
2003-07-14	2,7536
2003-07-11	2,7002
2003-07-10	2,718
2003-07-09	2,7264
2003-07-08	2,7911
2003-07-07	2,7555
2003-07-04	2,6317
2003-07-03	2,6411
2003-07-02	2,5989
2003-07-01	2,537
2003-06-30	2,612
2003-06-27	2,7058
2003-06-26	2,6645
2003-06-25	2,672
2003-06-24	2,6823
2003-06-23	2,6354
2003-06-20	2,6692
2003-06-19	2,6523
2003-06-18	2,7152
2003-06-17	2,627
2003-06-16	2,6214
2003-06-13	2,5191
2003-06-12	2,5914
2003-06-11	2,582
2003-06-10	2,4938
2003-06-09	2,4375
2003-06-06	2,476
2003-06-05	2,4938
2003-06-04	2,5154
2003-06-03	2,4957
2003-06-02	2,5135
2003-05-30	2,5595
2003-05-29	2,5379
2003-05-28	2,4507
2003-05-27	2,3456
2003-05-26	2,3306
2003-05-23	2,3653
2003-05-22	2,3025
2003-05-21	2,2265
2003-05-20	2,2772
2003-05-19	2,2453
2003-05-16	2,3391
2003-05-15	2,3738
2003-05-14	2,2575
2003-05-13	2,204
2003-05-12	2,1384
2003-05-09	2,1534
2003-05-08	2,1168
2003-05-07	2,2134
2003-05-06	2,205
2003-05-05	2,2031
2003-05-02	2,1899
2003-04-30	2,1815
2003-04-29	2,1815
2003-04-28	2,1562
2003-04-25	2,1234
2003-04-24	2,1778
2003-04-23	2,204
2003-04-22	2,1168
2003-04-17	2,1384
2003-04-16	2,1721
2003-04-15	2,1759
2003-04-14	2,0868
2003-04-11	2,0549
2003-04-10	2,0258
2003-04-09	2,0849
2003-04-08	2,1177
2003-04-07	2,1393
2003-04-04	2,0371
2003-04-03	2,0333
2003-04-02	2,054
2003-04-01	1,9874
2003-03-31	1,9105
2003-03-28	2,008
2003-03-27	2,0249
2003-03-26	2,054
2003-03-25	2,1055
2003-03-24	2,0042
2003-03-21	2,0793
2003-03-20	1,9892
2003-03-19	2,0258
2003-03-18	1,9555
2003-03-17	2,0249
2003-03-14	1,9161
2003-03-13	1,7904
2003-03-12	1,6666
2003-03-11	1,7266
2003-03-10	1,766
2003-03-07	1,8795
2003-03-06	1,8607
2003-03-05	1,932
2003-03-04	1,9339
2003-03-03	2,0052
2003-02-28	2,0117
2003-02-27	1,9649
2003-02-26	1,9039
2003-02-25	1,9264
2003-02-24	1,9789
2003-02-21	2,0136
2003-02-20	1,993
2003-02-19	1,9967
2003-02-18	2,0352
2003-02-17	2,0943
2003-02-14	2,0652
2003-02-13	1,9883
2003-02-12	1,9217
2003-02-11	1,9527
2003-02-10	1,8636
2003-02-07	1,9245
2003-02-06	1,8917
2003-02-05	1,9264
2003-02-04	1,8486
2003-02-03	1,9105
2003-01-31	1,8045
2003-01-30	1,8167
2003-01-29	1,7754
2003-01-28	1,7773
2003-01-27	1,797
2003-01-24	1,8636
2003-01-23	1,8823
2003-01-22	1,8964
2003-01-21	1,9011
2003-01-20	1,9142
2003-01-17	1,9658
2003-01-16	2,0436
2003-01-15	2,0474
2003-01-14	2,0643
2003-01-13	2,0568
2003-01-10	2,0502
2003-01-09	2,0718
2003-01-08	2,0221
2003-01-07	2,1018
2003-01-06	2,1571
2003-01-03	2,0915
2003-01-02	2,0483
2002-12-30	1,8851
2002-12-27	1,8514
2002-12-23	1,8964
2002-12-20	1,8626
2002-12-19	1,872
2002-12-18	1,9142
2002-12-17	1,9452
2002-12-16	1,9761
2002-12-13	1,7951
2002-12-12	1,8936
2002-12-11	1,9086
2002-12-10	1,8673
2002-12-09	1,8748
2002-12-06	1,9039
2002-12-05	1,9339
2002-12-04	1,9151
2002-12-03	1,9001
2002-12-02	2,0549
2002-11-29	2,053
2002-11-28	2,0511
2002-11-27	2,0239
2002-11-26	1,902
2002-11-25	1,9864
2002-11-22	1,8701
2002-11-21	1,8045
2002-11-20	1,691
2002-11-19	1,6994
2002-11-18	1,6957
2002-11-15	1,6085
2002-11-14	1,6225
2002-11-13	1,5578
2002-11-12	1,5522
2002-11-11	1,4378
2002-11-08	1,4443
2002-11-07	1,4847
2002-11-06	1,6207
2002-11-05	1,7088
2002-11-04	1,7126
2002-11-01	1,5588
2002-10-31	1,6
2002-10-30	1,57
2002-10-29	1,4894
2002-10-28	1,4256
2002-10-25	1,374
2002-10-24	1,4462
2002-10-23	1,5203
2002-10-22	1,5813
2002-10-21	1,5494
2002-10-18	1,5616
2002-10-17	1,601
2002-10-16	1,5653
2002-10-15	1,615
2002-10-14	1,4818
2002-10-11	1,5015
2002-10-10	1,3899
2002-10-09	1,328
2002-10-08	1,4293
2002-10-07	1,4518
2002-10-04	1,4481
2002-10-03	1,5681
2002-10-02	1,5813
2002-10-01	1,6113
2002-09-30	1,5888
2002-09-27	1,7285
2002-09-26	1,8139
2002-09-25	1,7623
2002-09-24	1,7613
2002-09-23	1,8185
2002-09-20	1,9611
2002-09-19	2,0005
2002-09-18	2,0999
2002-09-17	2,1552
2002-09-16	2,1928
2002-09-13	2,2293
2002-09-12	2,3006
2002-09-11	2,3738
2002-09-10	2,2809
2002-09-09	2,2397
2002-09-06	2,2078
2002-09-05	2,1524
2002-09-04	2,1834
2002-09-03	2,1796
2002-09-02	2,2987
2002-08-30	2,3456
2002-08-29	2,2809
2002-08-28	2,3475
2002-08-27	2,4178
2002-08-26	2,2931
2002-08-23	2,2443
2002-08-22	2,3016
2002-08-21	2,2246
2002-08-20	2,1571
2002-08-19	2,1599
2002-08-16	2,069
2002-08-14	2,0071
2002-08-13	2,1102
2002-08-12	2,1027
2002-08-09	2,1393
2002-08-08	2,1421
2002-08-07	2,0239
2002-08-06	2,0708
2002-08-05	1,9883
2002-08-02	2,0155
2002-08-01	2,0699
2002-07-31	2,1431
2002-07-30	2,1412
2002-07-29	2,2021
2002-07-26	2,0511
2002-07-25	2,0643
2002-07-24	2,0024
2002-07-23	2,0305
2002-07-22	2,099
2002-07-19	2,189
2002-07-18	2,28
2002-07-17	2,1487
2002-07-16	2,0746
2002-07-15	2,1102
2002-07-12	2,1702
2002-07-11	2,2425
2002-07-10	2,3944
2002-07-09	2,5079
2002-07-08	2,5173
2002-07-05	2,5857
2002-07-04	2,4207
2002-07-03	2,5032
2002-07-02	2,7245
2002-07-01	2,8793
2002-06-28	2,8802
2002-06-27	2,8296
2002-06-26	2,9112
2002-06-25	2,9027
2002-06-24	2,7949
2002-06-21	2,9168
2002-06-20	2,9412
2002-06-19	2,9928
2002-06-18	3,1044
2002-06-17	3,0322
2002-06-14	2,9327
2002-06-13	3,0481
2002-06-12	3,1138
2002-06-11	3,1597
2002-06-10	3,1063
2002-06-07	3,0115
2002-06-06	3,0153
2002-06-05	2,9881
2002-06-04	2,929
2002-06-03	3,0003
2002-05-31	2,9731
2002-05-30	3,0181
2002-05-29	2,9731
2002-05-28	3,0012
2002-05-27	2,8727
2002-05-24	2,9177
2002-05-23	3,0106
2002-05-22	3,0716
2002-05-21	3,1241
2002-05-20	3,0575
2002-05-17	3,1419
2002-05-16	3,1213
2002-05-15	3,1616
2002-05-14	3,2554
2002-05-13	3,1438
2002-05-10	3,0669
2002-05-09	3,1119
2002-05-08	3,186
2002-05-07	3,2497
2002-05-06	3,3051
2002-05-03	3,3238
2002-05-02	3,2732
2002-04-30	3,367
2002-04-29	3,3792
2002-04-26	3,3998
2002-04-25	3,4017
2002-04-24	3,4326
2002-04-23	3,4467
2002-04-22	3,5048
2002-04-19	3,4608
2002-04-18	3,3764
2002-04-17	3,3116
2002-04-16	3,4354
2002-04-15	3,4439
2002-04-12	3,3923
2002-04-11	3,231
2002-04-10	3,1597
2002-04-09	3,1794
2002-04-08	3,1691
2002-04-05	3,2432
2002-04-04	3,1925
2002-04-03	3,337
2002-04-02	3,2704
2002-03-28	3,2572
2002-03-27	2,9684
2002-03-26	2,9909
2002-03-25	2,8221
2002-03-22	2,8905
2002-03-21	2,8089
2002-03-20	2,8099
2002-03-19	2,9206
2002-03-18	2,8652
2002-03-15	2,839
2002-03-14	2,839
2002-03-13	2,8727
2002-03-12	2,7696
2002-03-11	2,733
2002-03-08	2,7105
2002-03-07	2,6467
2002-03-06	2,6411
2002-03-05	2,627
2002-03-04	2,657
2002-03-01	2,5473
2002-02-28	2,5276
2002-02-27	2,4479
2002-02-26	2,3794
2002-02-25	2,3203
2002-02-22	2,3081
2002-02-21	2,355
2002-02-20	2,3944
2002-02-19	2,3222
2002-02-18	2,4891
2002-02-15	2,4816
2002-02-14	2,5885
2002-02-13	2,5839
2002-02-12	2,5304
2002-02-11	2,4985
2002-02-08	2,4929
2002-02-07	2,5051
2002-02-06	2,5051
2002-02-05	2,6026
2002-02-04	2,7377
2002-02-01	2,7949
2002-01-31	2,8371
2002-01-30	2,7939
2002-01-29	2,8624
2002-01-28	2,7827
2002-01-25	2,7489
2002-01-24	2,7442
2002-01-23	2,6692
2002-01-22	2,6767
2002-01-21	2,6298
2002-01-18	2,6851
2002-01-17	2,5989
2002-01-16	2,5285
2002-01-15	2,5266
2002-01-14	2,5088
2002-01-11	2,5688
2002-01-10	2,596
2002-01-09	2,6279
2002-01-08	2,5604
2002-01-07	2,5679
2002-01-04	2,5416
2002-01-03	2,5754
2002-01-02	2,5754
2001-12-28	2,6383
2001-12-27	2,6608
2001-12-21	2,552
2001-12-20	2,4676
2001-12-19	2,4844
2001-12-18	2,5182
2001-12-17	2,552
2001-12-14	2,4826
2001-12-13	2,4122
2001-12-12	2,506
2001-12-11	2,5416
2001-12-10	2,551
2001-12-07	2,5726
2001-12-06	2,6251
2001-12-05	2,6683
2001-12-04	2,5388
2001-12-03	2,4985
2001-11-30	2,5613
2001-11-29	2,5848
2001-11-28	2,6495
2001-11-27	2,5839
2001-11-26	2,642
2001-11-23	2,6917
2001-11-22	2,6289
2001-11-21	2,5688
2001-11-20	2,5182
2001-11-19	2,491
2001-11-16	2,3353
2001-11-15	2,2772
2001-11-14	2,2593
2001-11-13	2,3878
2001-11-12	2,3466
2001-11-09	2,4169
2001-11-08	2,491
2001-11-07	2,4826
2001-11-06	2,4488
2001-11-05	2,5163
2001-11-02	2,4797
2001-11-01	2,4826
2001-10-31	2,4375
2001-10-30	2,4235
2001-10-29	2,5379
2001-10-26	2,6401
2001-10-25	2,552
2001-10-24	2,6636
2001-10-23	2,6186
2001-10-22	2,5379
2001-10-19	2,4854
2001-10-18	2,5623
2001-10-17	2,5416
2001-10-16	2,4235
2001-10-15	2,3681
2001-10-12	2,4629
2001-10-11	2,5548
2001-10-10	2,4732
2001-10-09	2,3006
2001-10-08	2,2678
2001-10-05	2,2987
2001-10-04	2,2922
2001-10-03	2,2997
2001-10-02	2,3344
2001-10-01	2,4235
2001-09-28	2,5276
2001-09-27	2,3888
2001-09-26	2,3391
2001-09-25	2,2762
2001-09-24	2,235
2001-09-21	2,0718
2001-09-20	2,1065
2001-09-19	2,3635
2001-09-18	2,5435
2001-09-17	2,7264
2001-09-14	2,7677
2001-09-13	2,9243
2001-09-12	2,9496
2001-09-11	2,9703
2001-09-10	3,186
2001-09-07	3,1916
2001-09-06	3,292
2001-09-05	3,4129
2001-09-04	3,4814
2001-09-03	3,4242
2001-08-31	3,4373
2001-08-30	3,3801
2001-08-29	3,4176
2001-08-28	3,3623
2001-08-27	3,3614
2001-08-24	3,4111
2001-08-23	3,3914
2001-08-22	3,3745
2001-08-21	3,2638
2001-08-20	3,1625
2001-08-17	3,1288
2001-08-16	3,1485
2001-08-14	3,2544
2001-08-13	3,1982
2001-08-10	3,1878
2001-08-09	3,2544
2001-08-08	3,3173
2001-08-07	3,3463
2001-08-06	3,337
2001-08-03	3,3585
2001-08-02	3,3923
2001-08-01	3,4214
2001-07-31	3,4007
2001-07-30	3,412
2001-07-27	3,4158
2001-07-26	3,3726
2001-07-25	3,3773
2001-07-24	3,4354
2001-07-23	3,4401
2001-07-20	3,4195
2001-07-19	3,4186
2001-07-18	3,3689
2001-07-17	3,4111
2001-07-16	3,6043
2001-07-13	3,6699
2001-07-12	3,6905
2001-07-11	3,76
2001-07-10	3,8134
2001-07-09	3,7862
2001-07-06	3,8059
2001-07-05	3,8781
2001-07-04	3,8828
2001-07-03	3,8969
2001-07-02	3,9747
2001-06-29	3,9213
2001-06-28	3,9222
2001-06-27	3,8809
2001-06-26	3,8434
2001-06-25	3,8491
2001-06-22	3,8594
2001-06-21	3,7993
2001-06-20	3,7881
2001-06-19	3,7947
2001-06-18	3,8781
2001-06-15	3,8659
2001-06-14	3,8453
2001-06-13	3,8903
2001-06-12	3,9016
2001-06-11	3,9719
2001-06-08	3,9503
2001-06-07	3,9532
2001-06-06	3,9644
2001-06-05	4,001
2001-06-04	4,0451
2001-06-01	4,0601
2001-05-31	4,0882
2001-05-30	4,1848
2001-05-29	4,2251
2001-05-28	4,1904
2001-05-25	4,1689
2001-05-24	4,151
2001-05-23	4,1389
2001-05-22	4,092
2001-05-21	4,0329
2001-05-18	4,0582
2001-05-17	4,0582
2001-05-16	4,0863
2001-05-15	4,1154
2001-05-14	4,1707
2001-05-11	4,1876
2001-05-10	4,1248
2001-05-09	4,0995
2001-05-08	4,1661
2001-05-07	4,1679
2001-05-04	4,1201
2001-05-03	4,0366
2001-05-02	4,0188
2001-04-30	3,9897
2001-04-27	4,0544
2001-04-26	4,0619
2001-04-25	3,985
2001-04-24	3,97
2001-04-23	3,9316
2001-04-20	4,0713
2001-04-19	4,1173
2001-04-18	4,1257
2001-04-17	4,0507
2001-04-12	4,0413
2001-04-11	4,0272
2001-04-10	4,0151
2001-04-09	3,9982
2001-04-06	3,9804
2001-04-05	4,046
2001-04-04	3,9719
2001-04-03	3,9138
2001-04-02	3,9869
2001-03-30	4,0094
2001-03-29	3,9691
2001-03-28	3,9091
2001-03-27	3,9213
2001-03-26	3,9175
2001-03-23	3,8537
2001-03-22	3,7872
2001-03-21	3,925
2001-03-20	3,8894
2001-03-19	3,9503
2001-03-16	4,0076
2001-03-15	4,0122
2001-03-14	3,9785
2001-03-13	4,0338
2001-03-12	4,0479
2001-03-09	4,1623
2001-03-08	4,1614
2001-03-07	4,1623
2001-03-06	4,1595
2001-03-05	4,1407
2001-03-02	4,1698
2001-03-01	4,3039
2001-02-28	4,3086
2001-02-27	4,3152
2001-02-26	4,3836
2001-02-23	4,2861
2001-02-22	4,3593
2001-02-21	4,5112
2001-02-20	4,5919
2001-02-19	4,6913
2001-02-16	4,6378
2001-02-15	4,7747
2001-02-14	4,7494
2001-02-13	4,801
2001-02-12	4,7672
2001-02-09	4,6725
2001-02-08	4,6978
2001-02-07	4,6519
2001-02-06	4,6941
2001-02-05	4,6688
2001-02-02	4,77
2001-02-01	4,8479
2001-01-31	4,9164
2001-01-30	4,891
2001-01-29	4,9445
2001-01-26	4,9642
2001-01-25	5,0458
2001-01-24	5,088
2001-01-23	5,0036
2001-01-22	5,0111
2001-01-19	4,9248
2001-01-18	4,9848
2001-01-17	5,012
2001-01-16	4,9698
2001-01-15	4,9632
2001-01-12	4,9164
2001-01-11	4,9642
2001-01-10	4,9698
2001-01-09	4,9164
2001-01-08	4,8882
2001-01-05	4,907
2001-01-04	4,7954
2001-01-03	4,7457
2001-01-02	4,831
2000-12-29	4,7747
2000-12-28	4,8385
2000-12-27	4,891
2000-12-22	4,8957
2000-12-21	4,7597
2000-12-20	4,6753
2000-12-19	4,5581
2000-12-18	4,4831
2000-12-15	4,5196
2000-12-14	4,6115
2000-12-13	4,7128
2000-12-12	4,7288
2000-12-11	4,7569
2000-12-08	4,7588
2000-12-07	4,7053
2000-12-06	4,756
2000-12-05	4,7372
2000-12-04	4,6284
2000-12-01	4,7747
2000-11-30	4,7485
2000-11-29	4,7841
2000-11-28	4,7597
2000-11-27	4,6997
2000-11-24	4,7016
2000-11-23	4,7297
2000-11-22	4,7785
2000-11-21	4,696
2000-11-20	4,6134
2000-11-17	4,6603
2000-11-16	4,6444
2000-11-15	4,6716
2000-11-14	4,6575
2000-11-13	4,5984
2000-11-10	4,6069
2000-11-09	4,6275
2000-11-08	4,6509
2000-11-07	4,7053
2000-11-06	4,6988
2000-11-03	4,6078
2000-11-02	4,619
2000-11-01	4,6828
2000-10-31	4,619
2000-10-30	4,5112
2000-10-27	4,3752
2000-10-26	4,3508
2000-10-25	4,3424
2000-10-24	4,3818
2000-10-23	4,3733
2000-10-20	4,3724
2000-10-19	4,3236
2000-10-18	4,2364
2000-10-17	4,2795
2000-10-16	4,2964
2000-10-13	4,2542
2000-10-12	4,2974
2000-10-11	4,3349
2000-10-10	4,3855
2000-10-09	4,0751
2000-10-06	4,1323
2000-10-05	4,3142
2000-10-04	4,1576
2000-10-03	4,1773
2000-10-02	4,2111
2000-09-29	4,1229
2000-09-28	4,1004
2000-09-27	3,97
2000-09-26	3,9072
2000-09-25	3,9625
2000-09-22	4,0338
2000-09-21	3,9203
2000-09-20	3,9119
2000-09-19	3,9653
2000-09-18	4,0132
2000-09-15	4,0038
2000-09-14	4,0263
2000-09-13	4,1736
2000-09-12	4,3124
2000-09-11	4,3443
2000-09-08	4,3049
2000-09-07	4,3593
2000-09-06	4,243
2000-09-05	4,2748
2000-09-04	4,2336
2000-09-01	4,3555
2000-08-31	4,5018
2000-08-30	4,4727
2000-08-29	4,4681
2000-08-28	4,5543
2000-08-25	4,6284
2000-08-24	4,6997
2000-08-23	4,7532
2000-08-22	4,725
2000-08-21	4,6828
2000-08-18	4,6772
2000-08-17	4,7907
2000-08-16	4,8366
2000-08-14	4,6922
2000-08-11	4,6547
2000-08-10	4,5628
2000-08-09	4,5515
2000-08-08	4,6397
2000-08-07	4,6406
2000-08-04	4,4671
2000-08-03	4,4287
2000-08-02	4,454
2000-08-01	4,4324
2000-07-31	4,4952
2000-07-28	4,333
2000-07-27	4,3714
2000-07-26	4,4662
2000-07-25	4,4512
2000-07-24	4,4559
2000-07-21	4,4446
2000-07-20	4,4333
2000-07-19	4,348
2000-07-18	4,3095
2000-07-17	4,453
2000-07-14	4,4315
2000-07-13	4,4906
2000-07-12	4,4643
2000-07-11	4,4005
2000-07-10	4,3489
2000-07-07	4,4999
2000-07-06	4,4465
2000-07-05	4,2983
2000-07-04	4,3865
2000-07-03	4,4118
2000-06-30	4,4305
2000-06-29	4,3564
2000-06-28	4,2617
2000-06-27	4,2111
2000-06-26	4,1501
2000-06-23	4,1229
2000-06-22	4,0685
2000-06-21	4,0798
2000-06-20	4,0507
2000-06-19	4,0985
2000-06-16	4,0929
2000-06-15	4,1004
2000-06-14	4,0816
2000-06-13	4,0366
2000-06-12	3,9288
2000-06-09	3,9241
2000-06-08	3,9335
2000-06-07	4,0263
2000-06-06	4
2000-06-05	3,956
2000-06-02	3,9147
2000-06-01	3,9513
2000-05-31	3,9691
2000-05-30	4,0047
2000-05-29	3,9879
2000-05-26	4,0104
2000-05-25	3,8922
2000-05-24	3,775
2000-05-23	3,7834
2000-05-22	3,7253
2000-05-19	3,7843
2000-05-18	3,9278
2000-05-17	3,7937
2000-05-16	3,759
2000-05-15	3,7168
2000-05-12	3,7796
2000-05-11	3,8791
2000-05-10	3,8866
2000-05-09	3,8237
2000-05-08	3,6493
2000-05-05	3,6125
2000-05-04	3,6751
2000-05-03	3,6826
2000-05-02	3,8265
2000-04-28	3,8255
2000-04-27	3,8947
2000-04-26	3,8638
2000-04-25	4,0068
2000-04-20	3,9349
2000-04-19	3,6358
2000-04-18	3,5788
2000-04-17	3,6265
2000-04-14	3,7433
2000-04-13	3,8311
2000-04-12	3,876
2000-04-11	3,7274
2000-04-10	3,5396
2000-04-07	3,5854
2000-04-06	3,6293
2000-04-05	3,7592
2000-04-04	3,7825
2000-04-03	3,4742
2000-03-31	3,3546
2000-03-30	3,3779
2000-03-29	3,4779
2000-03-28	3,5545
2000-03-27	3,6835
2000-03-24	3,6872
2000-03-23	3,6293
2000-03-22	3,6256
2000-03-21	3,5901
2000-03-20	3,5461
2000-03-17	3,62
2000-03-16	3,8582
2000-03-15	3,6985
2000-03-14	3,7611
2000-03-13	3,6714
2000-03-10	3,9377
2000-03-09	4,089
2000-03-08	4,0946
2000-03-07	4,0124
2000-03-06	4,3824
2000-03-03	3,7928
2000-03-02	3,7526
2000-03-01	3,5732
2000-02-29	3,5602
2000-02-28	3,2873
2000-02-25	3,3172
2000-02-24	3,1527
2000-02-23	3,2247
2000-02-22	3,164
2000-02-21	3,3107
2000-02-18	3,3424
2000-02-17	3,2667
2000-02-16	3,3284
2000-02-15	3,22
2000-02-14	3,2294
2000-02-11	3,4555
2000-02-10	3,3948
2000-02-09	3,1555
2000-02-08	3,0845
2000-02-07	3,0771
2000-02-04	3,206
2000-02-03	3,2191
2000-02-02	3,1817
2000-02-01	3,0696
2000-01-31	3,0789
2000-01-28	3,1499
2000-01-27	3,206
2000-01-26	3,3237
2000-01-25	3,2443
2000-01-24	3,306
2000-01-21	3,3845
2000-01-20	3,2714
2000-01-19	3,234
2000-01-18	3,334
2000-01-17	3,3929
2000-01-14	3,5078
2000-01-13	3,4583
2000-01-12	3,4994
2000-01-11	3,5265
2000-01-10	3,5097
2000-01-07	3,5714
2000-01-06	3,491
2000-01-05	3,5667
2000-01-04	3,5742
2000-01-03	3,6508
1999-12-30	3,7639
1999-12-29	3,8255
1999-12-28	3,8797
1999-12-27	3,633
1999-12-23	3,6704
1999-12-22	3,633
1999-12-21	3,6545
1999-12-20	3,7723
1999-12-17	3,7489
1999-12-16	3,7489
1999-12-15	3,7825
1999-12-14	3,8003
1999-12-13	3,7835
1999-12-10	3,7994
1999-12-09	3,8218
1999-12-08	3,7069
1999-12-07	3,7779
1999-12-06	3,876
1999-12-03	3,8536
1999-12-02	3,8956
1999-12-01	3,8853
1999-11-30	3,8947
1999-11-29	3,8321
1999-11-26	3,8395
1999-11-25	3,9321
1999-11-24	3,9022
1999-11-23	3,905
1999-11-22	3,9068
1999-11-19	4,0535
1999-11-18	4,0143
1999-11-17	3,961
1999-11-16	3,9293
1999-11-15	3,8564
1999-11-12	3,819
1999-11-11	3,8554
1999-11-10	3,9797
1999-11-09	3,9648
1999-11-08	3,9264
1999-11-05	3,8816
1999-11-04	3,8508
1999-11-03	3,7405
1999-11-02	3,7302
1999-10-29	3,7825
1999-10-28	3,6573
1999-10-27	3,605
1999-10-26	3,5583
1999-10-25	3,5947
1999-10-22	3,7162
1999-10-21	3,677
1999-10-20	3,6863
1999-10-19	3,6872
1999-10-18	3,5798
1999-10-15	3,6657
1999-10-14	3,6854
1999-10-13	3,7779
1999-10-12	3,6938
1999-10-11	3,7657
1999-10-08	3,8377
1999-10-07	3,9367
1999-10-06	3,8349
1999-10-05	3,7854
1999-10-04	3,7405
1999-10-01	3,7424
1999-09-30	3,7246
1999-09-29	3,805
1999-09-28	3,8377
1999-09-27	3,8554
1999-09-24	3,8395
1999-09-23	3,9208
1999-09-22	3,8975
1999-09-21	3,9788
1999-09-20	3,9947
1999-09-17	4,0227
1999-09-16	3,99
1999-09-15	4,0208
1999-09-14	4,0423
1999-09-13	3,9965
1999-09-10	4,0105
1999-09-09	3,9984
1999-09-08	3,8835
1999-09-07	3,7153
1999-09-06	3,7797
1999-09-03	3,7788
1999-09-02	3,6573
1999-09-01	3,7358
1999-08-31	3,7508
1999-08-30	3,8779
1999-08-27	3,9349
1999-08-26	3,9208
1999-08-25	3,8881
1999-08-24	3,8302
1999-08-23	3,9143
1999-08-20	3,7966
1999-08-19	3,7648
1999-08-18	3,8545
1999-08-17	3,9152
1999-08-16	3,8283
1999-08-13	3,7723
1999-08-12	3,7414
1999-08-11	3,6527
1999-08-10	3,5602
1999-08-09	3,6938
1999-08-06	3,576
1999-08-05	3,6125
1999-08-04	3,7312
1999-08-03	3,7601
1999-08-02	3,7078
1999-07-30	3,5863
1999-07-29	3,4817
1999-07-28	3,6527
1999-07-27	3,7508
1999-07-26	3,8171
1999-07-23	3,9162
1999-07-22	3,9601
1999-07-21	3,962
1999-07-20	4,1199
1999-07-19	4,1909
1999-07-16	4,1675
1999-07-15	4,0965
1999-07-14	4,1507
1999-07-13	4,1544
1999-07-12	4,2395
1999-07-09	4,2927
1999-07-08	4,2722
1999-07-07	4,3385
1999-07-06	4,3133
1999-07-05	4,2984
1999-07-02	4,3516
1999-07-01	4,3535
1999-06-30	4,4394
1999-06-29	4,4161
1999-06-28	4,5151
1999-06-25	4,5619
1999-06-24	4,4292
1999-06-23	4,3488
1999-06-22	4,3675
1999-06-21	4,4105
1999-06-18	4,4264
1999-06-17	4,4834
1999-06-16	4,431
1999-06-15	4,3731
1999-06-14	4,4535
1999-06-11	4,546
1999-06-10	4,6544
1999-06-09	4,6618
1999-06-08	4,6161
1999-06-07	4,5385
1999-06-04	4,5039
1999-06-03	4,5983
1999-06-02	4,5553
1999-06-01	4,4722
1999-05-31	4,6076
1999-05-28	4,5675
1999-05-27	4,4348
1999-05-26	4,3554
1999-05-25	4,4469
1999-05-24	4,5506
1999-05-21	4,5469
1999-05-20	4,4609
1999-05-19	4,5693
1999-05-18	4,4712
1999-05-17	4,3292
1999-05-14	4,4544
1999-05-13	4,5207
1999-05-12	4,6469
1999-05-11	4,6983
1999-05-10	4,8515
1999-05-07	4,9629
1999-05-06	4,9323
1999-05-05	4,8655
1999-05-04	4,7765
1999-05-03	4,7469
1999-04-30	4,6847
1999-04-29	4,733
1999-04-28	4,8386
1999-04-27	4,9249
1999-04-26	4,9008
1999-04-23	5,0278
1999-04-22	5,0343
1999-04-21	5,0649
1999-04-20	5,1094
1999-04-19	5,1715
1999-04-16	5,0723
1999-04-15	5,2345
1999-04-14	5,1956
1999-04-13	5,2123
1999-04-12	5,1974
1999-04-09	5,178
1999-04-08	5,2021
1999-04-07	5,2086
1999-04-06	5,1974
1999-04-01	5,0593
1999-03-31	5,0676
1999-03-30	4,9657
1999-03-29	4,9564
1999-03-26	4,8025
1999-03-25	4,9861
1999-03-24	4,8386
1999-03-23	4,9378
1999-03-22	5,1038
1999-03-19	5,1576
1999-03-18	5,0908
1999-03-17	5,0695
1999-03-16	4,9925
1999-03-15	4,949
1999-03-12	4,7839
1999-03-11	4,9314
1999-03-10	4,9907
1999-03-09	4,8099
1999-03-08	4,6783
1999-03-05	4,7051
1999-03-04	4,5503
1999-03-03	4,4594
1999-03-02	4,5559
1999-03-01	4,5197
1999-02-26	4,6634
1999-02-25	4,6439
1999-02-24	4,6838
1999-02-23	4,6134
1999-02-22	4,6931
1999-02-19	4,452
1999-02-18	4,5151
1999-02-17	4,4177
1999-02-16	4,3695
1999-02-15	4,5049
1999-02-12	4,2277
1999-02-11	4,122
1999-02-10	3,8781
1999-02-09	3,804
1999-02-08	3,918
1999-02-05	4,0608
1999-02-04	4,1368
1999-02-03	4,2546
1999-02-02	4,2796
1999-02-01	4,3528
1999-01-29	4,1683
1999-01-28	4,1498
1999-01-27	4,0469
1999-01-26	4,0812
1999-01-25	4,2286
1999-01-22	4,3584
1999-01-21	4,4047
1999-01-20	4,4928
1999-01-19	4,5114
1999-01-18	4,554
1999-01-15	4,6189
1999-01-14	4,5633
1999-01-13	4,3964
1999-01-12	4,6189
1999-01-11	4,91
1999-01-08	4,9647
1999-01-07	4,9286
1999-01-05	4,9434
1999-01-04	4,9156
1998-12-30	4,7389
1998-12-29	4,735
1998-12-28	4,7834
1998-12-23	4,7446
1998-12-22	4,6656
1998-12-21	4,7116
1998-12-18	4,5612
1998-12-17	4,5263
1998-12-16	4,4927
1998-12-15	4,3908
1998-12-14	4,3955
1998-12-11	4,4013
1998-12-10	4,3577
1998-12-09	4,4046
1998-12-07	4,453
