2018-12-31	2,742
2018-12-28	2,742
2018-12-27	2,748
2018-12-24	2,831
2018-12-21	2,831
2018-12-20	2,738
2018-12-19	2,772
2018-12-18	2,938
2018-12-17	2,96
2018-12-14	2,939
2018-12-13	2,956
2018-12-12	3
2018-12-11	3,122
2018-12-10	3,106
2018-12-07	3,132
2018-12-06	3,202
2018-12-05	3,061
2018-12-04	3,156
2018-12-03	3,145
2018-11-30	3,213
2018-11-29	3,204
2018-11-28	3,256
2018-11-27	3,289
2018-11-26	3,269
2018-11-23	3,407
2018-11-22	3,454
2018-11-21	3,471
2018-11-20	3,617
2018-11-19	3,597
2018-11-16	3,491
2018-11-15	3,493
2018-11-14	3,49
2018-11-13	3,446
2018-11-12	3,438
2018-11-09	3,403
2018-11-08	3,396
2018-11-07	3,337
2018-11-06	3,397
2018-11-05	3,325
2018-11-02	3,321
2018-11-01	3,38
2018-10-31	3,427
2018-10-30	3,475
2018-10-29	3,337
2018-10-26	3,446
2018-10-25	3,492
2018-10-24	3,605
2018-10-23	3,592
2018-10-22	3,49
2018-10-19	3,483
2018-10-18	3,686
2018-10-17	3,548
2018-10-16	3,453
2018-10-15	3,546
2018-10-12	3,577
2018-10-11	3,564
2018-10-10	3,506
2018-10-09	3,476
2018-10-08	3,568
2018-10-05	3,424
2018-10-04	3,329
2018-10-03	3,313
2018-10-02	3,452
2018-10-01	3,299
2018-09-28	3,147
2018-09-27	2,888
2018-09-26	2,859
2018-09-25	2,878
2018-09-24	2,949
2018-09-21	2,83
2018-09-20	2,882
2018-09-19	2,852
2018-09-18	2,79
2018-09-17	2,846
2018-09-14	2,982
2018-09-13	2,951
2018-09-12	2,951
2018-09-11	2,943
2018-09-10	2,91
2018-09-07	3,035
2018-09-06	3,058
2018-09-05	2,935
2018-09-04	3,017
2018-09-03	3,161
2018-08-31	3,236
2018-08-30	3,215
2018-08-29	3,125
2018-08-28	3,187
2018-08-27	3,156
2018-08-24	3,152
2018-08-23	3,088
2018-08-22	3,061
2018-08-21	2,988
2018-08-20	3,014
2018-08-17	3,121
2018-08-16	3,117
2018-08-15	3,169
2018-08-14	3,03
2018-08-13	3,102
2018-08-10	2,993
2018-08-09	2,898
2018-08-08	2,914
2018-08-07	2,869
2018-08-06	2,905
2018-08-03	2,927
2018-08-02	2,913
2018-08-01	2,789
2018-07-31	2,72
2018-07-30	2,786
2018-07-27	2,743
2018-07-26	2,704
2018-07-25	2,678
2018-07-24	2,685
2018-07-23	2,639
2018-07-20	2,589
2018-07-19	2,506
2018-07-18	2,505
2018-07-17	2,468
2018-07-16	2,577
2018-07-13	2,551
2018-07-12	2,624
2018-07-11	2,689
2018-07-10	2,671
2018-07-09	2,667
2018-07-06	2,715
2018-07-05	2,73
2018-07-04	2,654
2018-07-03	2,636
2018-07-02	2,651
2018-06-29	2,68
2018-06-28	2,78
2018-06-27	2,809
2018-06-26	2,889
2018-06-25	2,826
2018-06-22	2,694
2018-06-21	2,732
2018-06-20	2,549
2018-06-19	2,557
2018-06-18	2,554
2018-06-15	2,609
2018-06-14	2,737
2018-06-13	2,806
2018-06-12	2,862
2018-06-11	2,838
2018-06-08	3,131
2018-06-07	3,062
2018-06-06	2,939
2018-06-05	2,789
2018-06-04	2,538
2018-06-01	2,689
2018-05-31	2,794
2018-05-30	2,916
2018-05-29	3,164
2018-05-28	2,684
2018-05-25	2,461
2018-05-24	2,399
2018-05-23	2,401
2018-05-22	2,328
2018-05-21	2,39
2018-05-18	2,229
2018-05-17	2,115
2018-05-16	2,117
2018-05-15	1,954
2018-05-14	1,929
2018-05-11	1,872
2018-05-10	1,935
2018-05-09	1,882
2018-05-08	1,866
2018-05-07	1,759
2018-05-04	1,797
2018-05-03	1,739
2018-05-02	1,79
2018-04-30	1,785
2018-04-27	1,741
2018-04-26	1,747
2018-04-25	1,777
2018-04-24	1,767
2018-04-23	1,795
2018-04-20	1,778
2018-04-19	1,781
2018-04-18	1,717
2018-04-17	1,759
2018-04-16	1,802
2018-04-13	1,797
2018-04-12	1,814
2018-04-11	1,803
2018-04-10	1,796
2018-04-09	1,772
2018-04-06	1,786
2018-04-05	1,794
2018-04-04	1,742
2018-04-03	1,794
2018-03-29	1,786
2018-03-28	1,841
2018-03-27	1,875
2018-03-26	1,912
2018-03-23	1,877
2018-03-22	1,886
2018-03-21	1,933
2018-03-20	1,897
2018-03-19	1,965
2018-03-16	1,983
2018-03-15	1,987
2018-03-14	2,014
2018-03-13	1,994
2018-03-12	2,003
2018-03-09	2,011
2018-03-08	1,985
2018-03-07	1,955
2018-03-06	1,997
2018-03-05	2,003
2018-03-02	1,97
2018-03-01	1,947
2018-02-28	1,974
2018-02-27	2,005
2018-02-26	2,017
2018-02-23	2,067
2018-02-22	2,075
2018-02-21	2,049
2018-02-20	2,069
2018-02-19	2,043
2018-02-16	1,985
2018-02-15	2,065
2018-02-14	2,065
2018-02-13	2,085
2018-02-12	2,037
2018-02-09	2,049
2018-02-08	1,993
2018-02-07	1,95
2018-02-06	1,988
2018-02-05	2,026
2018-02-02	2,05
2018-02-01	1,965
2018-01-31	2,029
2018-01-30	2,03
2018-01-29	2,026
2018-01-26	2,007
2018-01-25	1,963
2018-01-24	1,909
2018-01-23	1,889
2018-01-22	1,923
2018-01-19	1,963
2018-01-18	1,989
2018-01-17	2
2018-01-16	1,971
2018-01-15	2,002
2018-01-12	1,983
2018-01-11	2,051
2018-01-10	2,038
2018-01-09	2,035
2018-01-08	1,984
2018-01-05	2,006
2018-01-04	2,014
2018-01-03	2,067
2018-01-02	2,095
2017-12-29	2,016
2017-12-28	1,956
2017-12-27	1,92
2017-12-22	1,912
2017-12-21	1,907
2017-12-20	1,938
2017-12-19	1,913
2017-12-18	1,802
2017-12-15	1,812
2017-12-14	1,794
2017-12-13	1,797
2017-12-12	1,708
2017-12-11	1,655
2017-12-08	1,651
2017-12-07	1,678
2017-12-06	1,727
2017-12-05	1,706
2017-12-04	1,716
2017-12-01	1,716
2017-11-30	1,748
2017-11-29	1,792
2017-11-28	1,779
2017-11-27	1,784
2017-11-24	1,811
2017-11-23	1,783
2017-11-22	1,765
2017-11-21	1,777
2017-11-20	1,809
2017-11-17	1,836
2017-11-16	1,838
2017-11-15	1,836
2017-11-14	1,829
2017-11-13	1,834
2017-11-10	1,846
2017-11-09	1,816
2017-11-08	1,746
2017-11-07	1,702
2017-11-06	1,785
2017-11-03	1,792
2017-11-02	1,797
2017-11-01	1,804
2017-10-31	1,827
2017-10-30	1,848
2017-10-27	1,95
2017-10-26	1,95
2017-10-25	2,038
2017-10-24	2,061
2017-10-23	2,005
2017-10-20	2,043
2017-10-19	2,029
2017-10-18	2,041
2017-10-17	2
2017-10-16	2,035
2017-10-13	2,084
2017-10-12	2,118
2017-10-11	2,163
2017-10-10	2,127
2017-10-09	2,114
2017-10-06	2,147
2017-10-05	2,15
2017-10-04	2,195
2017-10-03	2,166
2017-10-02	2,156
2017-09-29	2,111
2017-09-28	2,122
2017-09-27	2,151
2017-09-26	2,123
2017-09-25	2,107
2017-09-22	2,107
2017-09-21	2,11
2017-09-20	2,071
2017-09-19	2,048
2017-09-18	2,072
2017-09-15	2,078
2017-09-14	2,059
2017-09-13	2,04
2017-09-12	2,025
2017-09-11	1,968
2017-09-08	1,959
2017-09-07	1,924
2017-09-06	2,027
2017-09-05	1,999
2017-09-04	2,038
2017-09-01	2,077
2017-08-31	2,045
2017-08-30	2,078
2017-08-29	2,066
2017-08-28	2,082
2017-08-25	2,101
2017-08-24	2,112
2017-08-23	2,12
2017-08-22	2,102
2017-08-21	2,033
2017-08-18	2,033
2017-08-17	2,029
2017-08-16	2,047
2017-08-15	2,048
2017-08-14	2,022
2017-08-11	2,031
2017-08-10	2,035
2017-08-09	2,013
2017-08-08	2,005
2017-08-07	1,994
2017-08-04	2,022
2017-08-03	1,988
2017-08-02	2,015
2017-08-01	2,019
2017-07-31	2,094
2017-07-28	2,122
2017-07-27	2,095
2017-07-26	2,129
2017-07-25	2,146
2017-07-24	2,055
2017-07-21	2,072
2017-07-20	2,114
2017-07-19	2,193
2017-07-18	2,194
2017-07-17	2,237
2017-07-14	2,29
2017-07-13	2,331
2017-07-12	2,259
2017-07-11	2,325
2017-07-10	2,28
2017-07-07	2,343
2017-07-06	2,268
2017-07-05	2,159
2017-07-04	2,112
2017-07-03	2,135
2017-06-30	2,158
2017-06-29	2,152
2017-06-28	2,032
2017-06-27	2,06
2017-06-26	1,899
2017-06-23	1,916
2017-06-22	1,907
2017-06-21	1,907
2017-06-20	1,909
2017-06-19	1,954
2017-06-16	1,986
2017-06-15	1,967
2017-06-14	1,939
2017-06-13	1,981
2017-06-12	2,02
2017-06-09	2,087
2017-06-08	2,178
2017-06-07	2,3
2017-06-06	2,256
2017-06-05	2,274
2017-06-02	2,261
2017-06-01	2,256
2017-05-31	2,203
2017-05-30	2,18
2017-05-29	2,182
2017-05-26	2,1
2017-05-25	2,119
2017-05-24	2,137
2017-05-23	2,122
2017-05-22	2,138
2017-05-19	2,137
2017-05-18	2,148
2017-05-17	2,155
2017-05-16	2,237
2017-05-15	2,277
2017-05-12	2,252
2017-05-11	2,294
2017-05-10	2,25
2017-05-09	2,281
2017-05-08	2,243
2017-05-05	2,165
2017-05-04	2,253
2017-05-03	2,261
2017-05-02	2,307
2017-04-28	2,282
2017-04-27	2,244
2017-04-26	2,312
2017-04-25	2,266
2017-04-24	2,181
2017-04-21	2,262
2017-04-20	2,268
2017-04-19	2,276
2017-04-18	2,261
2017-04-13	2,317
2017-04-12	2,3
2017-04-11	2,281
2017-04-10	2,241
2017-04-07	2,22
2017-04-06	2,27
2017-04-05	2,271
2017-04-04	2,276
2017-04-03	2,323
2017-03-31	2,318
2017-03-30	2,148
2017-03-29	2,137
2017-03-28	2,161
2017-03-27	2,197
2017-03-24	2,224
2017-03-23	2,272
2017-03-22	2,262
2017-03-21	2,319
2017-03-20	2,363
2017-03-17	2,357
2017-03-16	2,366
2017-03-15	2,302
2017-03-14	2,341
2017-03-13	2,363
2017-03-10	2,367
2017-03-09	2,312
2017-03-08	2,254
2017-03-07	2,192
2017-03-06	2,165
2017-03-03	2,1
2017-03-02	2,139
2017-03-01	2,124
2017-02-28	2,086
2017-02-27	2,134
2017-02-24	2,195
2017-02-23	2,225
2017-02-22	2,194
2017-02-21	2,247
2017-02-20	2,184
2017-02-17	2,19
2017-02-16	2,156
2017-02-15	2,242
2017-02-14	2,233
2017-02-13	2,225
2017-02-10	2,271
2017-02-09	2,173
2017-02-08	2,246
2017-02-07	2,367
2017-02-06	2,376
2017-02-03	2,265
2017-02-02	2,234
2017-02-01	2,313
2017-01-31	2,262
2017-01-30	2,328
2017-01-27	2,227
2017-01-26	2,234
2017-01-25	2,111
2017-01-24	2,043
2017-01-23	1,991
2017-01-20	2,023
2017-01-19	1,989
2017-01-18	1,961
2017-01-17	1,915
2017-01-16	1,912
2017-01-13	1,896
2017-01-12	1,893
2017-01-11	1,866
2017-01-10	1,913
2017-01-09	1,893
2017-01-06	1,961
2017-01-05	1,931
2017-01-04	1,869
2017-01-03	1,865
2017-01-02	1,743
2016-12-30	1,815
2016-12-29	1,795
2016-12-28	1,812
2016-12-27	1,846
2016-12-23	1,822
2016-12-22	1,852
2016-12-21	1,822
2016-12-20	1,839
2016-12-19	1,819
2016-12-16	1,873
2016-12-15	1,826
2016-12-14	1,795
2016-12-13	1,874
2016-12-12	1,995
2016-12-09	2,04
2016-12-08	1,997
2016-12-07	1,887
2016-12-06	1,943
2016-12-05	1,984
2016-12-02	1,902
2016-12-01	2,05
2016-11-30	1,988
2016-11-29	1,944
2016-11-28	2,068
2016-11-25	2,088
2016-11-24	2,131
2016-11-23	2,117
2016-11-22	2,025
2016-11-21	2,07
2016-11-18	2,093
2016-11-17	2,094
2016-11-16	2,033
2016-11-15	1,963
2016-11-14	2,079
2016-11-11	2,02
2016-11-10	1,897
2016-11-09	1,753
2016-11-08	1,721
2016-11-07	1,706
2016-11-04	1,754
2016-11-03	1,694
2016-11-02	1,664
2016-11-01	1,752
2016-10-31	1,663
2016-10-28	1,585
2016-10-27	1,531
2016-10-26	1,458
2016-10-25	1,383
2016-10-24	1,391
2016-10-21	1,374
2016-10-20	1,369
2016-10-19	1,385
2016-10-18	1,382
2016-10-17	1,4
2016-10-14	1,38
2016-10-13	1,378
2016-10-12	1,418
2016-10-11	1,376
2016-10-10	1,396
2016-10-07	1,383
2016-10-06	1,342
2016-10-05	1,361
2016-10-04	1,306
2016-10-03	1,266
2016-09-30	1,188
2016-09-29	1,211
2016-09-28	1,183
2016-09-27	1,208
2016-09-26	1,184
2016-09-23	1,214
2016-09-22	1,189
2016-09-21	1,282
2016-09-20	1,251
2016-09-19	1,312
2016-09-16	1,342
2016-09-15	1,333
2016-09-14	1,294
2016-09-13	1,321
2016-09-12	1,277
2016-09-09	1,248
2016-09-08	1,154
2016-09-07	1,08
2016-09-06	1,088
2016-09-05	1,159
2016-09-02	1,171
2016-09-01	1,172
2016-08-31	1,145
2016-08-30	1,106
2016-08-29	1,12
2016-08-26	1,134
2016-08-25	1,132
2016-08-24	1,126
2016-08-23	1,12
2016-08-22	1,104
2016-08-19	1,134
2016-08-18	1,075
2016-08-17	1,116
2016-08-16	1,117
2016-08-15	1,058
2016-08-12	1,042
2016-08-11	1,06
2016-08-10	1,076
2016-08-09	1,12
2016-08-08	1,122
2016-08-05	1,137
2016-08-04	1,146
2016-08-03	1,218
2016-08-02	1,216
2016-08-01	1,181
2016-07-29	1,169
2016-07-28	1,199
2016-07-27	1,212
2016-07-26	1,249
2016-07-25	1,236
2016-07-22	1,234
2016-07-21	1,245
2016-07-20	1,241
2016-07-19	1,235
2016-07-18	1,251
2016-07-15	1,255
2016-07-14	1,218
2016-07-13	1,208
2016-07-12	1,225
2016-07-11	1,203
2016-07-08	1,194
2016-07-07	1,243
2016-07-06	1,243
2016-07-05	1,262
2016-07-04	1,247
2016-07-01	1,23
2016-06-30	1,258
2016-06-29	1,371
2016-06-28	1,399
2016-06-27	1,509
2016-06-24	1,557
2016-06-23	1,4
2016-06-22	1,435
2016-06-21	1,447
2016-06-20	1,432
2016-06-17	1,512
2016-06-16	1,542
2016-06-15	1,498
2016-06-14	1,507
2016-06-13	1,455
2016-06-10	1,383
2016-06-09	1,384
2016-06-08	1,392
2016-06-07	1,422
2016-06-06	1,468
2016-06-03	1,333
2016-06-02	1,374
2016-06-01	1,382
2016-05-31	1,356
2016-05-30	1,364
2016-05-27	1,355
2016-05-26	1,375
2016-05-25	1,353
2016-05-24	1,423
2016-05-23	1,479
2016-05-20	1,472
2016-05-19	1,494
2016-05-18	1,494
2016-05-17	1,453
2016-05-16	1,477
2016-05-13	1,473
2016-05-12	1,506
2016-05-11	1,473
2016-05-10	1,508
2016-05-09	1,462
2016-05-06	1,494
2016-05-05	1,495
2016-05-04	1,502
2016-05-03	1,456
2016-05-02	1,473
2016-04-29	1,489
2016-04-28	1,483
2016-04-27	1,519
2016-04-26	1,536
2016-04-25	1,532
2016-04-22	1,474
2016-04-21	1,462
2016-04-20	1,395
2016-04-19	1,402
2016-04-18	1,349
2016-04-15	1,334
2016-04-14	1,355
2016-04-13	1,298
2016-04-12	1,379
2016-04-11	1,339
2016-04-08	1,311
2016-04-07	1,389
2016-04-06	1,285
2016-04-05	1,271
2016-04-04	1,238
2016-04-01	1,22
2016-03-31	1,221
2016-03-30	1,214
2016-03-29	1,237
2016-03-24	1,302
2016-03-23	1,295
2016-03-22	1,254
2016-03-21	1,253
2016-03-18	1,261
2016-03-17	1,269
2016-03-16	1,334
2016-03-15	1,367
2016-03-14	1,306
2016-03-11	1,327
2016-03-10	1,461
2016-03-09	1,41
2016-03-08	1,42
2016-03-07	1,46
2016-03-04	1,462
2016-03-03	1,422
2016-03-02	1,46
2016-03-01	1,381
2016-02-29	1,423
2016-02-26	1,473
2016-02-25	1,513
2016-02-24	1,534
2016-02-23	1,531
2016-02-22	1,519
2016-02-19	1,564
2016-02-18	1,554
2016-02-17	1,602
2016-02-16	1,624
2016-02-15	1,601
2016-02-12	1,65
2016-02-11	1,714
2016-02-10	1,639
2016-02-09	1,684
2016-02-08	1,678
2016-02-05	1,555
2016-02-04	1,534
2016-02-03	1,438
2016-02-02	1,487
2016-02-01	1,469
2016-01-29	1,415
2016-01-28	1,514
2016-01-27	1,498
2016-01-26	1,508
2016-01-25	1,559
2016-01-22	1,574
2016-01-21	1,563
2016-01-20	1,65
2016-01-19	1,559
2016-01-18	1,565
2016-01-15	1,566
2016-01-14	1,576
2016-01-13	1,557
2016-01-12	1,613
2016-01-11	1,585
2016-01-08	1,528
2016-01-07	1,553
2016-01-06	1,482
2016-01-05	1,499
2016-01-04	1,549
2015-12-31	1,596
2015-12-30	1,596
2015-12-29	1,631
2015-12-28	1,61
2015-12-24	1,681
2015-12-23	1,658
2015-12-22	1,637
2015-12-21	1,588
2015-12-18	1,572
2015-12-17	1,629
2015-12-16	1,692
2015-12-15	1,684
2015-12-14	1,637
2015-12-11	1,539
2015-12-10	1,549
2015-12-09	1,57
2015-12-08	1,552
2015-12-07	1,551
2015-12-04	1,654
2015-12-03	1,643
2015-12-02	1,387
2015-12-01	1,41
2015-11-30	1,418
2015-11-27	1,404
2015-11-26	1,429
2015-11-25	1,43
2015-11-24	1,507
2015-11-23	1,521
2015-11-20	1,496
2015-11-19	1,512
2015-11-18	1,524
2015-11-17	1,566
2015-11-16	1,569
2015-11-13	1,564
2015-11-12	1,609
2015-11-11	1,631
2015-11-10	1,687
2015-11-09	1,745
2015-11-06	1,789
2015-11-05	1,697
2015-11-04	1,67
2015-11-03	1,658
2015-11-02	1,647
2015-10-30	1,481
2015-10-29	1,479
2015-10-28	1,407
2015-10-27	1,442
2015-10-26	1,494
2015-10-23	1,499
2015-10-22	1,45
2015-10-21	1,606
2015-10-20	1,663
2015-10-19	1,596
2015-10-16	1,604
2015-10-15	1,645
2015-10-14	1,629
2015-10-13	1,657
2015-10-12	1,681
2015-10-09	1,694
2015-10-08	1,686
2015-10-07	1,704
2015-10-06	1,693
2015-10-05	1,655
2015-10-02	1,632
2015-10-01	1,682
2015-09-30	1,725
2015-09-29	1,714
2015-09-28	1,745
2015-09-25	1,795
2015-09-24	1,744
2015-09-23	1,74
2015-09-22	1,749
2015-09-21	1,806
2015-09-18	1,763
2015-09-17	1,904
2015-09-16	1,92
2015-09-15	1,894
2015-09-14	1,853
2015-09-11	1,834
2015-09-10	1,862
2015-09-09	1,839
2015-09-08	1,834
2015-09-07	1,893
2015-09-04	1,878
2015-09-03	1,913
2015-09-02	1,985
2015-09-01	1,999
2015-08-31	1,962
2015-08-28	1,919
2015-08-27	1,926
2015-08-26	1,977
2015-08-25	1,983
2015-08-24	1,901
2015-08-21	1,859
2015-08-20	1,821
2015-08-19	1,805
2015-08-18	1,815
2015-08-17	1,762
2015-08-14	1,814
2015-08-13	1,783
2015-08-12	1,824
2015-08-11	1,786
2015-08-10	1,829
2015-08-07	1,833
2015-08-06	1,87
2015-08-05	1,916
2015-08-04	1,773
2015-08-03	1,772
2015-07-31	1,772
2015-07-30	1,82
2015-07-29	1,902
2015-07-28	1,875
2015-07-27	1,895
2015-07-24	1,868
2015-07-23	1,898
2015-07-22	1,938
2015-07-21	1,966
2015-07-20	1,907
2015-07-17	1,92
2015-07-16	1,99
2015-07-15	2,004
2015-07-14	2,066
2015-07-13	2,112
2015-07-10	2,134
2015-07-09	2,176
2015-07-08	2,219
2015-07-07	2,27
2015-07-06	2,387
2015-07-03	2,248
2015-07-02	2,322
2015-07-01	2,293
2015-06-30	2,334
2015-06-29	2,391
2015-06-26	2,15
2015-06-25	2,089
2015-06-24	2,124
2015-06-23	2,136
2015-06-22	2,155
2015-06-19	2,281
2015-06-18	2,293
2015-06-17	2,313
2015-06-16	2,331
2015-06-15	2,357
2015-06-12	2,214
2015-06-11	2,143
2015-06-10	2,247
2015-06-09	2,289
2015-06-08	2,26
2015-06-05	2,242
2015-06-04	2,145
2015-06-03	2,181
2015-06-02	2,127
2015-06-01	1,98
2015-05-29	1,848
2015-05-28	1,866
2015-05-27	1,858
2015-05-26	1,938
2015-05-25	1,856
2015-05-22	1,857
2015-05-21	1,843
2015-05-20	1,864
2015-05-19	1,807
2015-05-18	1,892
2015-05-15	1,771
2015-05-14	1,856
2015-05-13	1,892
2015-05-12	1,849
2015-05-11	1,768
2015-05-08	1,676
2015-05-07	1,775
2015-05-06	1,917
2015-05-05	1,807
2015-05-04	1,533
2015-04-30	1,499
2015-04-29	1,507
2015-04-28	1,379
2015-04-27	1,359
2015-04-24	1,443
2015-04-23	1,407
2015-04-22	1,392
2015-04-21	1,452
2015-04-20	1,485
2015-04-17	1,478
2015-04-16	1,379
2015-04-15	1,263
2015-04-14	1,31
2015-04-13	1,285
2015-04-10	1,266
2015-04-09	1,301
2015-04-08	1,248
2015-04-07	1,241
2015-04-02	1,301
2015-04-01	1,279
2015-03-31	1,242
2015-03-30	1,311
2015-03-27	1,354
2015-03-26	1,312
2015-03-25	1,336
2015-03-24	1,328
2015-03-23	1,295
2015-03-20	1,204
2015-03-19	1,255
2015-03-18	1,308
2015-03-17	1,268
2015-03-16	1,181
2015-03-13	1,149
2015-03-12	1,128
2015-03-11	1,128
2015-03-10	1,219
2015-03-09	1,28
2015-03-06	1,317
2015-03-05	1,305
2015-03-04	1,392
2015-03-03	1,401
2015-03-02	1,349
2015-02-27	1,331
2015-02-26	1,345
2015-02-25	1,461
2015-02-24	1,461
2015-02-23	1,496
2015-02-20	1,577
2015-02-19	1,603
2015-02-18	1,624
2015-02-17	1,665
2015-02-16	1,666
2015-02-13	1,607
2015-02-12	1,652
2015-02-11	1,698
2015-02-10	1,674
2015-02-09	1,66
2015-02-06	1,578
2015-02-05	1,54
2015-02-04	1,548
2015-02-03	1,586
2015-02-02	1,627
2015-01-30	1,594
2015-01-29	1,603
2015-01-28	1,592
2015-01-27	1,531
2015-01-26	1,498
2015-01-23	1,527
2015-01-22	1,549
2015-01-21	1,691
2015-01-20	1,671
2015-01-19	1,664
2015-01-16	1,658
2015-01-15	1,739
2015-01-14	1,725
2015-01-13	1,817
2015-01-12	1,812
2015-01-09	1,879
2015-01-08	1,845
2015-01-07	1,904
2015-01-06	1,864
2015-01-05	1,839
2015-01-02	1,742
2014-12-31	1,89
2014-12-30	1,883
2014-12-29	1,982
2014-12-24	1,985
2014-12-23	1,944
2014-12-22	1,932
2014-12-19	1,954
2014-12-18	1,96
2014-12-17	1,962
2014-12-16	2,012
2014-12-15	1,996
2014-12-12	2,064
2014-12-11	2,056
2014-12-10	2,067
2014-12-09	2,036
2014-12-08	1,943
2014-12-05	1,977
2014-12-04	2,036
2014-12-03	1,983
2014-12-02	2,011
2014-12-01	2,015
2014-11-28	2,034
2014-11-27	2,059
2014-11-26	2,16
2014-11-25	2,14
2014-11-24	2,18
2014-11-21	2,213
2014-11-20	2,305
2014-11-19	2,331
2014-11-18	2,325
2014-11-17	2,311
2014-11-14	2,346
2014-11-13	2,377
2014-11-12	2,36
2014-11-11	2,335
2014-11-10	2,35
2014-11-07	2,376
2014-11-06	2,382
2014-11-05	2,431
2014-11-04	2,435
2014-11-03	2,414
2014-10-31	2,348
2014-10-30	2,47
2014-10-29	2,505
2014-10-28	2,536
2014-10-27	2,552
2014-10-24	2,516
2014-10-23	2,503
2014-10-22	2,511
2014-10-21	2,512
2014-10-20	2,595
2014-10-17	2,497
2014-10-16	2,579
2014-10-15	2,422
2014-10-14	2,297
2014-10-13	2,333
2014-10-10	2,323
2014-10-09	2,312
2014-10-08	2,334
2014-10-07	2,345
2014-10-06	2,332
2014-10-03	2,308
2014-10-02	2,325
2014-10-01	2,284
2014-09-30	2,333
2014-09-29	2,404
2014-09-26	2,386
2014-09-25	2,36
2014-09-24	2,374
2014-09-23	2,4
2014-09-22	2,376
2014-09-19	2,37
2014-09-18	2,438
2014-09-17	2,417
2014-09-16	2,462
2014-09-15	2,462
2014-09-12	2,458
2014-09-11	2,464
2014-09-10	2,399
2014-09-09	2,367
2014-09-08	2,298
2014-09-05	2,254
2014-09-04	2,35
2014-09-03	2,459
2014-09-02	2,456
2014-09-01	2,422
2014-08-29	2,436
2014-08-28	2,443
2014-08-27	2,39
2014-08-26	2,413
2014-08-25	2,479
2014-08-22	2,576
2014-08-21	2,594
2014-08-20	2,599
2014-08-19	2,595
2014-08-18	2,634
2014-08-15	2,585
2014-08-14	2,657
2014-08-13	2,711
2014-08-12	2,741
2014-08-11	2,788
2014-08-08	2,815
2014-08-07	2,872
2014-08-06	2,809
2014-08-05	2,748
2014-08-04	2,695
2014-08-01	2,758
2014-07-31	2,695
2014-07-30	2,699
2014-07-29	2,64
2014-07-28	2,674
2014-07-25	2,714
2014-07-24	2,727
2014-07-23	2,741
2014-07-22	2,773
2014-07-21	2,774
2014-07-18	2,779
2014-07-17	2,788
2014-07-16	2,82
2014-07-15	2,847
2014-07-14	2,877
2014-07-11	2,888
2014-07-10	2,945
2014-07-09	2,881
2014-07-08	2,841
2014-07-07	2,812
2014-07-04	2,834
2014-07-03	2,844
2014-07-02	2,909
2014-07-01	2,83
2014-06-30	2,846
2014-06-27	2,833
2014-06-26	2,845
2014-06-25	2,85
2014-06-24	2,88
2014-06-23	2,901
2014-06-20	2,945
2014-06-19	2,913
2014-06-18	2,857
2014-06-17	2,824
2014-06-16	2,787
2014-06-13	2,773
2014-06-12	2,821
2014-06-11	2,793
2014-06-10	2,807
2014-06-09	2,704
2014-06-06	2,759
2014-06-05	2,933
2014-06-04	3,021
2014-06-03	2,999
2014-06-02	2,965
2014-05-30	2,963
2014-05-29	2,958
2014-05-28	2,934
2014-05-27	3,001
2014-05-26	2,982
2014-05-23	3,155
2014-05-22	3,243
2014-05-21	3,203
2014-05-20	3,264
2014-05-19	3,147
2014-05-16	3,063
2014-05-15	3,103
2014-05-14	2,911
2014-05-13	2,943
2014-05-12	2,976
2014-05-09	2,952
2014-05-08	2,919
2014-05-07	3,015
2014-05-06	3,004
2014-05-05	3,041
2014-05-02	3,041
2014-04-30	3,067
2014-04-29	3,117
2014-04-28	3,133
2014-04-25	3,105
2014-04-24	3,123
2014-04-23	3,087
2014-04-22	3,093
2014-04-17	3,121
2014-04-16	3,099
2014-04-15	3,107
2014-04-14	3,174
2014-04-11	3,21
2014-04-10	3,166
2014-04-09	3,201
2014-04-08	3,22
2014-04-07	3,187
2014-04-04	3,169
2014-04-03	3,254
2014-04-02	3,308
2014-04-01	3,289
2014-03-31	3,292
2014-03-28	3,303
2014-03-27	3,307
2014-03-26	3,337
2014-03-25	3,393
2014-03-24	3,41
2014-03-21	3,414
2014-03-20	3,428
2014-03-19	3,395
2014-03-18	3,365
2014-03-17	3,377
2014-03-14	3,405
2014-03-13	3,436
2014-03-12	3,421
2014-03-11	3,399
2014-03-10	3,369
2014-03-07	3,422
2014-03-06	3,442
2014-03-05	3,377
2014-03-04	3,423
2014-03-03	3,454
2014-02-28	3,479
2014-02-27	3,46
2014-02-26	3,538
2014-02-25	3,586
2014-02-24	3,62
2014-02-21	3,599
2014-02-20	3,65
2014-02-19	3,589
2014-02-18	3,558
2014-02-17	3,616
2014-02-14	3,687
2014-02-13	3,709
2014-02-12	3,73
2014-02-11	3,683
2014-02-10	3,685
2014-02-07	3,688
2014-02-06	3,76
2014-02-05	3,761
2014-02-04	3,783
2014-02-03	3,777
2014-01-31	3,768
2014-01-30	3,819
2014-01-29	3,854
2014-01-28	3,849
2014-01-27	3,897
2014-01-24	3,913
2014-01-23	3,861
2014-01-22	3,832
2014-01-21	3,832
2014-01-20	3,796
2014-01-17	3,822
2014-01-16	3,841
2014-01-15	3,86
2014-01-14	3,878
2014-01-13	3,884
2014-01-10	3,917
2014-01-09	3,925
2014-01-08	3,884
2014-01-07	3,872
2014-01-06	3,94
2014-01-03	3,916
2014-01-02	3,97
2013-12-31	4,125
2013-12-30	4,09
2013-12-27	4,214
2013-12-24	4,201
2013-12-23	4,176
2013-12-20	4,122
2013-12-19	4,079
2013-12-18	4,07
2013-12-17	4,043
2013-12-16	4,043
2013-12-13	4,09
2013-12-12	4,103
2013-12-11	4,059
2013-12-10	4,061
2013-12-09	4,126
2013-12-06	4,175
2013-12-05	4,22
2013-12-04	4,154
2013-12-03	4,093
2013-12-02	4,079
2013-11-29	4,057
2013-11-28	4,05
2013-11-27	4,061
2013-11-26	4,064
2013-11-25	4,087
2013-11-22	4,08
2013-11-21	4,101
2013-11-20	4,084
2013-11-19	4,064
2013-11-18	4,078
2013-11-15	4,093
2013-11-14	4,057
2013-11-13	4,113
2013-11-12	4,153
2013-11-11	4,129
2013-11-08	4,14
2013-11-07	4,095
2013-11-06	4,21
2013-11-05	4,173
2013-11-04	4,115
2013-11-01	4,079
2013-10-31	4,131
2013-10-30	4,19
2013-10-29	4,141
2013-10-28	4,197
2013-10-25	4,224
2013-10-24	4,152
2013-10-23	4,117
2013-10-22	4,1
2013-10-21	4,192
2013-10-18	4,166
2013-10-17	4,198
2013-10-16	4,248
2013-10-15	4,25
2013-10-14	4,259
2013-10-11	4,28
2013-10-10	4,342
2013-10-09	4,38
2013-10-08	4,348
2013-10-07	4,294
2013-10-04	4,3
2013-10-03	4,373
2013-10-02	4,365
2013-10-01	4,417
2013-09-30	4,431
2013-09-27	4,416
2013-09-26	4,337
2013-09-25	4,239
2013-09-24	4,244
2013-09-23	4,265
2013-09-20	4,287
2013-09-19	4,287
2013-09-18	4,399
2013-09-17	4,401
2013-09-16	4,454
2013-09-13	4,578
2013-09-12	4,529
2013-09-11	4,529
2013-09-10	4,533
2013-09-09	4,522
2013-09-06	4,503
2013-09-05	4,55
2013-09-04	4,423
2013-09-03	4,348
2013-09-02	4,351
2013-08-30	4,401
2013-08-29	4,372
2013-08-28	4,41
2013-08-27	4,452
2013-08-26	4,379
2013-08-23	4,326
2013-08-22	4,313
2013-08-21	4,368
2013-08-20	4,308
2013-08-19	4,281
2013-08-16	4,185
2013-08-15	4,248
2013-08-14	4,184
2013-08-13	4,23
2013-08-12	4,163
2013-08-09	4,188
2013-08-08	4,193
2013-08-07	4,254
2013-08-06	4,255
2013-08-05	4,276
2013-08-02	4,253
2013-08-01	4,363
2013-07-31	4,406
2013-07-30	4,402
2013-07-29	4,455
2013-07-26	4,401
2013-07-25	4,397
2013-07-24	4,37
2013-07-23	4,368
2013-07-22	4,312
2013-07-19	4,406
2013-07-18	4,411
2013-07-17	4,495
2013-07-16	4,463
2013-07-15	4,468
2013-07-12	4,483
2013-07-11	4,467
2013-07-10	4,45
2013-07-09	4,409
2013-07-08	4,377
2013-07-05	4,422
2013-07-04	4,395
2013-07-03	4,5
2013-07-02	4,439
2013-07-01	4,415
2013-06-28	4,545
2013-06-27	4,566
2013-06-26	4,701
2013-06-25	4,856
2013-06-24	4,832
2013-06-21	4,619
2013-06-20	4,545
2013-06-19	4,257
2013-06-18	4,288
2013-06-17	4,266
2013-06-14	4,279
2013-06-13	4,36
2013-06-12	4,385
2013-06-11	4,367
2013-06-10	4,293
2013-06-07	4,191
2013-06-06	4,364
2013-06-05	4,137
2013-06-04	4,098
2013-06-03	4,159
2013-05-31	4,157
2013-05-30	4,115
2013-05-29	4,188
2013-05-28	4,034
2013-05-27	4,05
2013-05-24	4,138
2013-05-23	4,03
2013-05-22	3,912
2013-05-21	3,924
2013-05-20	3,897
2013-05-17	3,895
2013-05-16	3,976
2013-05-15	4,01
2013-05-14	4,014
2013-05-13	3,979
2013-05-10	3,893
2013-05-09	3,883
2013-05-08	3,835
2013-05-07	3,866
2013-05-06	3,919
2013-05-03	3,822
2013-05-02	3,763
2013-04-30	3,891
2013-04-29	3,912
2013-04-26	4,059
2013-04-25	4,058
2013-04-24	4,007
2013-04-23	3,944
2013-04-22	4,058
2013-04-19	4,223
2013-04-18	4,258
2013-04-17	4,248
2013-04-16	4,312
2013-04-15	4,339
2013-04-12	4,325
2013-04-11	4,332
2013-04-10	4,312
2013-04-09	4,352
2013-04-08	4,341
2013-04-05	4,378
2013-04-04	4,556
2013-04-03	4,589
2013-04-02	4,621
2013-03-28	4,763
2013-03-27	4,779
2013-03-26	4,571
2013-03-25	4,612
2013-03-22	4,515
2013-03-21	4,588
2013-03-20	4,636
2013-03-19	4,725
2013-03-18	4,634
2013-03-15	4,599
2013-03-14	4,647
2013-03-13	4,667
2013-03-12	4,607
2013-03-11	4,639
2013-03-08	4,599
2013-03-07	4,596
2013-03-06	4,658
2013-03-05	4,738
2013-03-04	4,88
2013-03-01	4,79
2013-02-28	4,734
2013-02-27	4,811
2013-02-26	4,897
2013-02-25	4,49
2013-02-22	4,446
2013-02-21	4,495
2013-02-20	4,428
2013-02-19	4,397
2013-02-18	4,404
2013-02-15	4,382
2013-02-14	4,406
2013-02-13	4,397
2013-02-12	4,507
2013-02-11	4,62
2013-02-08	4,553
2013-02-07	4,584
2013-02-06	4,584
2013-02-05	4,458
2013-02-04	4,468
2013-02-01	4,329
2013-01-31	4,311
2013-01-30	4,317
2013-01-29	4,172
2013-01-28	4,211
2013-01-25	4,129
2013-01-24	4,162
2013-01-23	4,195
2013-01-22	4,201
2013-01-21	4,226
2013-01-18	4,167
2013-01-17	4,198
2013-01-16	4,181
2013-01-15	4,217
2013-01-14	4,194
2013-01-11	4,131
2013-01-10	4,158
2013-01-09	4,273
2013-01-08	4,286
2013-01-07	4,348
2013-01-04	4,265
2013-01-03	4,232
2013-01-02	4,276
2012-12-31	4,497
2012-12-28	4,497
2012-12-27	4,528
2012-12-24	4,464
2012-12-21	4,472
2012-12-20	4,423
2012-12-19	4,394
2012-12-18	4,451
2012-12-17	4,566
2012-12-14	4,603
2012-12-13	4,642
2012-12-12	4,641
2012-12-11	4,718
2012-12-10	4,817
2012-12-07	4,525
2012-12-06	4,574
2012-12-05	4,448
2012-12-04	4,425
2012-12-03	4,45
2012-11-30	4,498
2012-11-29	4,56
2012-11-28	4,591
2012-11-27	4,726
2012-11-26	4,754
2012-11-23	4,751
2012-11-22	4,784
2012-11-21	4,842
2012-11-20	4,847
2012-11-19	4,903
2012-11-16	4,868
2012-11-15	4,893
2012-11-14	4,96
2012-11-13	4,964
2012-11-12	5,026
2012-11-09	4,974
2012-11-08	5,019
2012-11-07	4,908
2012-11-06	4,896
2012-11-05	4,995
2012-11-02	4,943
2012-11-01	4,93
2012-10-31	4,96
2012-10-30	4,994
2012-10-29	5,015
2012-10-26	4,903
2012-10-25	4,863
2012-10-24	4,841
2012-10-23	4,867
2012-10-22	4,766
2012-10-19	4,773
2012-10-18	4,765
2012-10-17	4,768
2012-10-16	4,937
2012-10-15	4,982
2012-10-12	4,984
2012-10-11	5,023
2012-10-10	5,11
2012-10-09	5,108
2012-10-08	5,078
2012-10-05	5,054
2012-10-04	5,134
2012-10-03	5,042
2012-10-02	5,029
2012-10-01	5,077
2012-09-28	5,092
2012-09-27	5,118
2012-09-26	5,21
2012-09-25	5,1
2012-09-24	5,05
2012-09-21	5,05
2012-09-20	4,989
2012-09-19	4,921
2012-09-18	5,052
2012-09-17	5,105
2012-09-14	5,017
2012-09-13	5,009
2012-09-12	5,029
2012-09-11	5,079
2012-09-10	5,183
2012-09-07	5,058
2012-09-06	5,261
2012-09-05	5,514
2012-09-04	5,668
2012-09-03	5,771
2012-08-31	5,847
2012-08-30	5,787
2012-08-29	5,769
2012-08-28	5,83
2012-08-27	5,708
2012-08-24	5,714
2012-08-23	5,699
2012-08-22	5,66
2012-08-21	5,659
2012-08-20	5,773
2012-08-17	5,786
2012-08-16	5,793
2012-08-15	5,768
2012-08-14	5,831
2012-08-13	5,901
2012-08-10	5,902
2012-08-09	5,859
2012-08-08	5,897
2012-08-07	5,971
2012-08-06	6,004
2012-08-03	6,048
2012-08-02	6,327
2012-08-01	5,931
2012-07-31	6,083
2012-07-30	6,027
2012-07-27	5,956
2012-07-26	6,056
2012-07-25	6,445
2012-07-24	6,597
2012-07-23	6,337
2012-07-20	6,166
2012-07-19	6,001
2012-07-18	6,074
2012-07-17	6,045
2012-07-16	6,109
2012-07-13	6,058
2012-07-12	5,912
2012-07-11	5,813
2012-07-10	5,954
2012-07-09	6,105
2012-07-06	6,026
2012-07-05	5,979
2012-07-04	5,768
2012-07-03	5,628
2012-07-02	5,735
2012-06-29	5,819
2012-06-28	6,195
2012-06-27	6,204
2012-06-26	6,181
2012-06-25	6,01
2012-06-22	5,799
2012-06-21	5,748
2012-06-20	5,767
2012-06-19	5,916
2012-06-18	6,082
2012-06-15	5,926
2012-06-14	6,131
2012-06-13	6,216
2012-06-12	6,171
2012-06-11	6,032
2012-06-08	5,772
2012-06-07	5,709
2012-06-06	5,667
2012-06-05	5,644
2012-06-04	5,662
2012-06-01	5,739
2012-05-31	5,895
2012-05-30	5,934
2012-05-29	5,766
2012-05-28	5,741
2012-05-25	5,666
2012-05-24	5,569
2012-05-23	5,667
2012-05-22	5,578
2012-05-21	5,79
2012-05-18	5,81
2012-05-17	5,822
2012-05-16	5,829
2012-05-15	5,864
2012-05-14	5,697
2012-05-11	5,509
2012-05-10	5,518
2012-05-09	5,597
2012-05-08	5,454
2012-05-07	5,404
2012-05-04	5,434
2012-05-03	5,5
2012-05-02	5,546
2012-04-30	5,512
2012-04-27	5,64
2012-04-26	5,642
2012-04-25	5,639
2012-04-24	5,675
2012-04-23	5,73
2012-04-20	5,663
2012-04-19	5,614
2012-04-18	5,482
2012-04-17	5,475
2012-04-16	5,592
2012-04-13	5,523
2012-04-12	5,406
2012-04-11	5,534
2012-04-10	5,685
2012-04-05	5,453
2012-04-04	5,368
2012-04-03	5,155
2012-04-02	5,105
2012-03-30	5,116
2012-03-29	5,21
2012-03-28	5,105
2012-03-27	5,119
2012-03-26	5,031
2012-03-23	5,044
2012-03-22	5,096
2012-03-21	4,999
2012-03-20	4,902
2012-03-19	4,838
2012-03-16	4,861
2012-03-15	4,861
2012-03-14	4,855
2012-03-13	4,897
2012-03-12	4,914
2012-03-09	4,836
2012-03-08	4,806
2012-03-07	4,939
2012-03-06	5,069
2012-03-05	4,93
2012-03-02	4,907
2012-03-01	4,951
2012-02-29	5,188
2012-02-28	5,352
2012-02-27	5,424
2012-02-24	5,483
2012-02-23	5,544
2012-02-22	5,514
2012-02-21	5,437
2012-02-20	5,479
2012-02-17	5,576
2012-02-16	5,655
2012-02-15	5,738
2012-02-14	5,572
2012-02-13	5,603
2012-02-10	5,611
2012-02-09	5,482
2012-02-08	5,584
2012-02-07	5,594
2012-02-06	5,623
2012-02-03	5,703
2012-02-02	5,603
2012-02-01	5,68
2012-01-31	5,954
2012-01-30	6,094
2012-01-27	5,898
2012-01-26	6,052
2012-01-25	6,231
2012-01-24	6,168
2012-01-23	6,107
2012-01-20	6,247
2012-01-19	6,371
2012-01-18	6,419
2012-01-17	6,503
2012-01-16	6,622
2012-01-13	6,641
2012-01-12	6,632
2012-01-11	6,985
2012-01-10	7,119
2012-01-09	7,159
2012-01-06	7,129
2012-01-05	7,09
2012-01-04	6,939
2012-01-03	6,92
2012-01-02	6,916
2011-12-30	7,108
2011-12-29	7,025
2011-12-28	6,999
2011-12-27	6,998
2011-12-23	6,981
2011-12-22	6,917
2011-12-21	6,788
2011-12-20	6,613
2011-12-19	6,838
2011-12-16	6,592
2011-12-15	6,571
2011-12-14	6,796
2011-12-13	6,685
2011-12-12	6,562
2011-12-09	6,36
2011-12-08	6,458
2011-12-07	5,991
2011-12-06	5,87
2011-12-05	5,952
2011-12-02	6,682
2011-12-01	6,652
2011-11-30	7,021
2011-11-29	7,237
2011-11-28	7,233
2011-11-25	7,261
2011-11-24	7,107
2011-11-23	6,969
2011-11-22	6,82
2011-11-21	6,657
2011-11-18	6,642
2011-11-17	6,839
2011-11-16	7,004
2011-11-15	7,068
2011-11-14	6,701
2011-11-11	6,45
2011-11-10	6,886
2011-11-09	7,246
2011-11-08	6,769
2011-11-07	6,656
2011-11-04	6,37
2011-11-03	6,194
2011-11-02	6,19
2011-11-01	6,19
2011-10-31	6,093
2011-10-28	6,023
2011-10-27	5,872
2011-10-26	5,925
2011-10-25	5,952
2011-10-24	5,949
2011-10-21	5,894
2011-10-20	6,018
2011-10-19	5,903
2011-10-18	5,867
2011-10-17	5,797
2011-10-14	5,797
2011-10-13	5,819
2011-10-12	5,741
2011-10-11	5,625
2011-10-10	5,571
2011-10-07	5,521
2011-10-06	5,453
2011-10-05	5,525
2011-10-04	5,494
2011-10-03	5,54
2011-09-30	5,537
2011-09-29	5,576
2011-09-28	5,644
2011-09-27	5,598
2011-09-26	5,646
2011-09-23	5,629
2011-09-22	5,662
2011-09-21	5,758
2011-09-20	5,72
2011-09-19	5,588
2011-09-16	5,512
2011-09-15	5,598
2011-09-14	5,593
2011-09-13	5,711
2011-09-12	5,571
2011-09-09	5,408
2011-09-08	5,274
2011-09-07	5,257
2011-09-06	5,497
2011-09-05	5,557
2011-09-02	5,284
2011-09-01	5,153
2011-08-31	5,136
2011-08-30	5,129
2011-08-29	5,088
2011-08-26	5,072
2011-08-25	5,057
2011-08-24	5,047
2011-08-23	5,006
2011-08-22	4,974
2011-08-19	4,931
2011-08-18	4,954
2011-08-17	4,929
2011-08-16	4,995
2011-08-15	5,033
2011-08-12	5,018
2011-08-11	5,045
2011-08-10	5,097
2011-08-09	5,178
2011-08-08	5,288
2011-08-05	6,086
2011-08-04	6,195
2011-08-03	6,085
2011-08-02	6,129
2011-08-01	6,004
2011-07-29	5,868
2011-07-28	5,827
2011-07-27	5,76
2011-07-26	5,628
2011-07-25	5,661
2011-07-22	5,406
2011-07-21	5,344
2011-07-20	5,604
2011-07-19	5,734
2011-07-18	5,97
2011-07-15	5,757
2011-07-14	5,631
2011-07-13	5,546
2011-07-12	5,567
2011-07-11	5,683
2011-07-08	5,271
2011-07-07	5,175
2011-07-06	5,121
2011-07-05	4,996
2011-07-04	4,912
2011-07-01	4,867
2011-06-30	4,882
2011-06-29	4,944
2011-06-28	4,984
2011-06-27	4,982
2011-06-24	4,977
2011-06-23	4,935
2011-06-22	4,886
2011-06-21	4,813
2011-06-20	4,852
2011-06-17	4,817
2011-06-16	4,848
2011-06-15	4,835
2011-06-14	4,767
2011-06-13	4,794
2011-06-10	4,794
2011-06-09	4,808
2011-06-08	4,76
2011-06-07	4,734
2011-06-06	4,662
2011-06-03	4,629
2011-06-02	4,691
2011-06-01	4,73
2011-05-31	4,781
2011-05-30	4,806
2011-05-27	4,749
2011-05-26	4,713
2011-05-25	4,729
2011-05-24	4,784
2011-05-23	4,806
2011-05-20	4,773
2011-05-19	4,76
2011-05-18	4,63
2011-05-17	4,607
2011-05-16	4,586
2011-05-13	4,607
2011-05-12	4,582
2011-05-11	4,631
2011-05-10	4,638
2011-05-09	4,672
2011-05-06	4,662
2011-05-05	4,678
2011-05-04	4,703
2011-05-03	4,697
2011-05-02	4,71
2011-04-29	4,732
2011-04-28	4,767
2011-04-27	4,814
2011-04-26	4,808
2011-04-21	4,757
2011-04-20	4,741
2011-04-19	4,756
2011-04-18	4,779
2011-04-15	4,732
2011-04-14	4,717
2011-04-13	4,69
2011-04-12	4,662
2011-04-11	4,712
2011-04-08	4,749
2011-04-07	4,744
2011-04-06	4,744
2011-04-05	4,759
2011-04-04	4,756
2011-04-01	4,803
2011-03-31	4,822
2011-03-30	4,781
2011-03-29	4,793
2011-03-28	4,773
2011-03-25	4,758
2011-03-24	4,757
2011-03-23	4,769
2011-03-22	4,77
2011-03-21	4,721
2011-03-18	4,683
2011-03-17	4,73
2011-03-16	4,69
2011-03-15	4,705
2011-03-14	4,785
2011-03-11	4,866
2011-03-10	4,972
2011-03-09	4,99
2011-03-08	4,957
2011-03-07	4,893
2011-03-04	4,885
2011-03-03	4,907
2011-03-02	4,804
2011-03-01	4,818
2011-02-28	4,842
2011-02-25	4,853
2011-02-24	4,839
2011-02-23	4,827
2011-02-22	4,812
2011-02-21	4,798
2011-02-18	4,795
2011-02-17	4,739
2011-02-16	4,731
2011-02-15	4,8
2011-02-14	4,827
2011-02-11	4,78
2011-02-10	4,769
2011-02-09	4,76
2011-02-08	4,753
2011-02-07	4,691
2011-02-04	4,608
2011-02-03	4,623
2011-02-02	4,536
2011-02-01	4,645
2011-01-31	4,723
2011-01-28	4,78
2011-01-27	4,823
2011-01-26	4,797
2011-01-25	4,739
2011-01-24	4,673
2011-01-21	4,711
2011-01-20	4,779
2011-01-19	4,728
2011-01-18	4,784
2011-01-17	4,72
2011-01-14	4,655
2011-01-13	4,705
2011-01-12	4,787
2011-01-11	4,798
2011-01-10	4,846
2011-01-07	4,797
2011-01-06	4,767
2011-01-05	4,645
2011-01-04	4,63
2011-01-03	4,732
2010-12-31	4,815
2010-12-30	4,821
2010-12-29	4,84
2010-12-28	4,752
2010-12-27	4,719
2010-12-24	4,696
2010-12-23	4,695
2010-12-22	4,666
2010-12-21	4,657
2010-12-20	4,624
2010-12-17	4,642
2010-12-16	4,625
2010-12-15	4,56
2010-12-14	4,616
2010-12-13	4,586
2010-12-10	4,557
2010-12-09	4,539
2010-12-08	4,548
2010-12-07	4,519
2010-12-06	4,5
2010-12-03	4,433
2010-12-02	4,402
2010-12-01	4,51
2010-11-30	4,667
2010-11-29	4,638
2010-11-26	4,417
2010-11-25	4,394
2010-11-24	4,343
2010-11-23	4,266
2010-11-22	4,211
2010-11-19	4,251
2010-11-18	4,298
2010-11-17	4,213
2010-11-16	4,224
2010-11-15	4,149
2010-11-12	4,158
2010-11-11	4,232
2010-11-10	4,102
2010-11-09	4,033
2010-11-08	4,034
2010-11-05	3,976
2010-11-04	3,962
2010-11-03	3,942
2010-11-02	3,962
2010-11-01	3,936
2010-10-29	3,942
2010-10-28	3,933
2010-10-27	3,932
2010-10-26	3,823
2010-10-25	3,796
2010-10-22	3,851
2010-10-21	3,863
2010-10-20	3,797
2010-10-19	3,795
2010-10-18	3,762
2010-10-15	3,759
2010-10-14	3,744
2010-10-13	3,751
2010-10-12	3,73
2010-10-11	3,729
2010-10-08	3,744
2010-10-07	3,789
2010-10-06	3,762
2010-10-05	3,821
2010-10-04	3,825
2010-10-01	3,862
2010-09-30	3,879
2010-09-29	3,937
2010-09-28	3,937
2010-09-27	3,906
2010-09-24	3,925
2010-09-23	3,897
2010-09-22	3,884
2010-09-21	3,934
2010-09-20	3,98
2010-09-17	3,933
2010-09-16	3,912
2010-09-15	3,882
2010-09-14	3,871
2010-09-13	3,881
2010-09-10	3,837
2010-09-09	3,79
2010-09-08	3,792
2010-09-07	3,797
2010-09-06	3,814
2010-09-03	3,808
2010-09-02	3,802
2010-09-01	3,799
2010-08-31	3,826
2010-08-30	3,794
2010-08-27	3,775
2010-08-26	3,767
2010-08-25	3,757
2010-08-24	3,752
2010-08-23	3,777
2010-08-20	3,785
2010-08-19	3,772
2010-08-18	3,751
2010-08-17	3,825
2010-08-16	3,853
2010-08-13	3,872
2010-08-12	3,839
2010-08-11	3,807
2010-08-10	3,854
2010-08-09	3,778
2010-08-06	3,784
2010-08-05	3,833
2010-08-04	3,857
2010-08-03	3,873
2010-08-02	3,92
2010-07-30	3,954
2010-07-29	3,973
2010-07-28	3,982
2010-07-27	3,974
2010-07-26	3,996
2010-07-23	4,024
2010-07-22	4,022
2010-07-21	4,012
2010-07-20	4,001
2010-07-19	4,052
2010-07-16	4,079
2010-07-15	4,13
2010-07-14	4,123
2010-07-13	4,064
2010-07-12	4,031
2010-07-09	4,023
2010-07-08	4,051
2010-07-07	4,083
2010-07-06	4,065
2010-07-05	4,011
2010-07-02	4,022
2010-07-01	4,078
2010-06-30	4,094
2010-06-29	4,13
2010-06-28	4,124
2010-06-25	4,079
2010-06-24	4,033
2010-06-23	4,052
2010-06-22	4,018
2010-06-21	3,98
2010-06-18	3,976
2010-06-17	4,024
2010-06-16	4,051
2010-06-15	4,041
2010-06-14	4,08
2010-06-11	4,028
2010-06-10	4,021
2010-06-09	4,139
2010-06-08	4,293
2010-06-07	4,331
2010-06-04	4,254
2010-06-03	4,291
2010-06-02	4,252
2010-06-01	4,173
2010-05-31	4,144
2010-05-28	4,135
2010-05-27	4,099
2010-05-26	4,019
2010-05-25	3,958
2010-05-24	3,909
2010-05-21	3,934
2010-05-20	3,959
2010-05-19	3,893
2010-05-18	3,898
2010-05-17	3,899
2010-05-14	3,903
2010-05-13	3,867
2010-05-12	3,933
2010-05-11	3,953
2010-05-10	3,969
2010-05-07	4,268
2010-05-06	4,282
2010-05-05	4,066
2010-05-04	4,007
2010-05-03	4,002
2010-04-30	4,015
2010-04-29	4,069
2010-04-28	4,114
2010-04-27	4,048
2010-04-26	4,023
2010-04-23	4,009
2010-04-22	3,999
2010-04-21	3,974
2010-04-20	3,962
2010-04-19	3,95
2010-04-16	3,949
2010-04-15	3,973
2010-04-14	3,986
2010-04-13	3,98
2010-04-12	3,986
2010-04-09	3,999
2010-04-08	3,987
2010-04-07	4,004
2010-04-06	4,013
2010-04-01	3,952
2010-03-31	3,981
2010-03-30	3,897
2010-03-29	3,918
2010-03-26	3,922
2010-03-25	3,936
2010-03-24	3,92
2010-03-23	3,91
2010-03-22	3,934
2010-03-19	3,954
2010-03-18	3,946
2010-03-17	3,916
2010-03-16	3,934
2010-03-15	3,952
2010-03-12	3,958
2010-03-11	3,958
2010-03-10	3,933
2010-03-09	3,935
2010-03-08	3,954
2010-03-05	3,955
2010-03-04	3,959
2010-03-03	3,968
2010-03-02	3,969
2010-03-01	3,977
2010-02-26	3,996
2010-02-25	4,046
2010-02-24	4,023
2010-02-23	4,029
2010-02-22	4,09
2010-02-19	4,093
2010-02-18	4,068
2010-02-17	4,046
2010-02-16	4,06
2010-02-15	4,064
2010-02-12	4,055
2010-02-11	4,042
2010-02-10	4,022
2010-02-09	4,053
2010-02-08	4,095
2010-02-05	4,064
2010-02-04	4,064
2010-02-03	4,079
2010-02-02	4,056
2010-02-01	4,049
2010-01-29	4,115
2010-01-28	4,149
2010-01-27	4,086
2010-01-26	4,024
2010-01-25	4,046
2010-01-22	4,078
2010-01-21	4,075
2010-01-20	4,075
2010-01-19	4,063
2010-01-18	4,06
2010-01-15	4,073
2010-01-14	4,104
2010-01-13	4,089
2010-01-12	4,055
2010-01-11	4,057
2010-01-08	4,078
2010-01-07	4,094
2010-01-06	4,12
2010-01-05	4,101
2010-01-04	4,108
2009-12-31	4,142
2009-12-30	4,141
2009-12-29	4,103
2009-12-28	4,064
2009-12-24	4,048
2009-12-23	4,044
2009-12-22	4,027
2009-12-21	4,038
2009-12-18	3,977
2009-12-17	3,967
2009-12-16	3,997
2009-12-15	4,035
2009-12-14	4,008
2009-12-11	4,028
2009-12-10	4,032
2009-12-09	4,012
2009-12-08	3,968
2009-12-07	3,952
2009-12-04	3,999
2009-12-03	3,988
2009-12-02	3,981
2009-12-01	3,987
2009-11-30	4,017
2009-11-27	4,039
2009-11-26	4,054
2009-11-25	4,06
2009-11-24	4,047
2009-11-23	4,062
2009-11-20	4,061
2009-11-19	4,06
2009-11-18	4,04
2009-11-17	4,023
2009-11-16	4,07
2009-11-13	4,098
2009-11-12	4,052
2009-11-11	4,037
2009-11-10	4,042
2009-11-09	4,086
2009-11-06	4,132
2009-11-05	4,123
2009-11-04	4,111
2009-11-03	4,083
2009-11-02	4,063
2009-10-30	4,074
2009-10-29	4,147
2009-10-28	4,082
2009-10-27	4,096
2009-10-26	4,181
2009-10-23	4,19
2009-10-22	4,143
2009-10-21	4,157
2009-10-20	4,09
2009-10-19	4,158
2009-10-16	4,17
2009-10-15	4,202
2009-10-14	4,128
2009-10-13	4,078
2009-10-12	4,053
2009-10-09	4,062
2009-10-08	4,002
2009-10-07	4,023
2009-10-06	4,062
2009-10-05	4,048
2009-10-02	4,06
2009-10-01	4,114
2009-09-30	4,015
2009-09-29	3,998
2009-09-28	4,009
2009-09-25	4
2009-09-24	4,038
2009-09-23	4,105
2009-09-22	4,101
2009-09-21	4,09
2009-09-18	4,075
2009-09-17	4,08
2009-09-16	4,062
2009-09-15	4,06
2009-09-14	4,06
2009-09-11	4,038
2009-09-10	4,114
2009-09-09	4,168
2009-09-08	4,161
2009-09-07	4,149
2009-09-04	4,139
2009-09-03	4,142
2009-09-02	4,106
2009-09-01	4,09
2009-08-31	4,076
2009-08-28	4,054
2009-08-27	4,034
2009-08-26	4,04
2009-08-25	4,062
2009-08-24	4,112
2009-08-21	4,081
2009-08-20	4,083
2009-08-19	4,107
2009-08-18	4,113
2009-08-17	4,122
2009-08-14	4,141
2009-08-13	4,196
2009-08-12	4,192
2009-08-11	4,188
2009-08-10	4,152
2009-08-07	4,213
2009-08-06	4,163
2009-08-05	4,147
2009-08-04	4,163
2009-08-03	4,172
2009-07-31	4,16
2009-07-30	4,253
2009-07-29	4,264
2009-07-28	4,283
2009-07-27	4,346
2009-07-24	4,379
2009-07-23	4,353
2009-07-22	4,315
2009-07-21	4,318
2009-07-20	4,368
2009-07-17	4,41
2009-07-16	4,413
2009-07-15	4,458
2009-07-14	4,467
2009-07-13	4,455
2009-07-10	4,451
2009-07-09	4,462
2009-07-08	4,433
2009-07-07	4,425
2009-07-06	4,386
2009-07-03	4,39
2009-07-02	4,384
2009-07-01	4,441
2009-06-30	4,434
2009-06-29	4,432
2009-06-26	4,508
2009-06-25	4,542
2009-06-24	4,567
2009-06-23	4,612
2009-06-22	4,58
2009-06-19	4,582
2009-06-18	4,627
2009-06-17	4,591
2009-06-16	4,623
2009-06-15	4,602
2009-06-12	4,687
2009-06-11	4,74
2009-06-10	4,736
2009-06-09	4,688
2009-06-08	4,686
2009-06-05	4,618
2009-06-04	4,578
2009-06-03	4,475
2009-06-02	4,509
2009-06-01	4,494
2009-05-29	4,483
2009-05-28	4,544
2009-05-27	4,461
2009-05-26	4,448
2009-05-25	4,404
2009-05-22	4,368
2009-05-21	4,308
2009-05-20	4,302
2009-05-19	4,318
2009-05-18	4,291
2009-05-15	4,294
2009-05-14	4,321
2009-05-13	4,31
2009-05-12	4,318
2009-05-11	4,228
2009-05-08	4,252
2009-05-07	4,231
2009-05-06	4,202
2009-05-05	4,195
2009-05-04	4,253
2009-04-30	4,277
2009-04-29	4,274
2009-04-28	4,294
2009-04-27	4,296
2009-04-24	4,31
2009-04-23	4,309
2009-04-22	4,366
2009-04-21	4,337
2009-04-20	4,306
2009-04-17	4,365
2009-04-16	4,321
2009-04-15	4,331
2009-04-14	4,392
2009-04-09	4,44
2009-04-08	4,44
2009-04-07	4,443
2009-04-06	4,399
2009-04-03	4,404
2009-04-02	4,435
2009-04-01	4,338
2009-03-31	4,394
2009-03-30	4,427
2009-03-27	4,367
2009-03-26	4,381
2009-03-25	4,394
2009-03-24	4,45
2009-03-23	4,338
2009-03-20	4,262
2009-03-19	4,388
2009-03-18	4,532
2009-03-17	4,524
2009-03-16	4,516
2009-03-13	4,517
2009-03-12	4,523
2009-03-11	4,525
2009-03-10	4,494
2009-03-09	4,46
2009-03-06	4,486
2009-03-05	4,511
2009-03-04	4,634
2009-03-03	4,608
2009-03-02	4,597
2009-02-27	4,681
2009-02-26	4,674
2009-02-25	4,565
2009-02-24	4,504
2009-02-23	4,445
2009-02-20	4,435
2009-02-19	4,482
2009-02-18	4,501
2009-02-17	4,55
2009-02-16	4,584
2009-02-13	4,578
2009-02-12	4,491
2009-02-11	4,514
2009-02-10	4,53
2009-02-09	4,545
2009-02-06	4,568
2009-02-05	4,567
2009-02-04	4,531
2009-02-03	4,608
2009-02-02	4,626
2009-01-30	4,714
2009-01-29	4,683
2009-01-28	4,767
2009-01-27	4,846
2009-01-26	4,837
2009-01-23	4,789
2009-01-22	4,653
2009-01-21	4,567
2009-01-20	4,514
2009-01-19	4,421
2009-01-16	4,399
2009-01-15	4,409
2009-01-14	4,397
2009-01-13	4,398
2009-01-12	4,372
2009-01-09	4,331
2009-01-08	4,385
2009-01-07	4,444
2009-01-06	4,456
2009-01-05	4,32
2009-01-02	4,316
2008-12-31	4,382
2008-12-30	4,375
2008-12-29	4,323
2008-12-24	4,29
2008-12-23	4,291
2008-12-22	4,308
2008-12-19	4,36
2008-12-18	4,322
2008-12-17	4,328
2008-12-16	4,46
2008-12-15	4,571
2008-12-12	4,619
2008-12-11	4,492
2008-12-10	4,477
2008-12-09	4,54
2008-12-08	4,534
2008-12-05	4,436
2008-12-04	4,426
2008-12-03	4,294
2008-12-02	4,312
2008-12-01	4,42
2008-11-28	4,462
2008-11-27	4,459
2008-11-26	4,401
2008-11-25	4,439
2008-11-24	4,485
2008-11-21	4,461
2008-11-20	4,441
2008-11-19	4,552
2008-11-18	4,651
2008-11-17	4,681
2008-11-14	4,62
2008-11-13	4,691
2008-11-12	4,664
2008-11-11	4,62
2008-11-10	4,598
2008-11-07	4,609
2008-11-06	4,675
2008-11-05	4,783
2008-11-04	4,873
2008-11-03	5,027
2008-10-31	5,148
2008-10-30	4,984
2008-10-29	4,903
2008-10-28	4,753
2008-10-27	4,722
2008-10-24	4,674
2008-10-23	4,656
2008-10-22	4,629
2008-10-21	4,693
2008-10-20	4,731
2008-10-17	4,743
2008-10-16	4,774
2008-10-15	4,81
2008-10-14	4,856
2008-10-13	4,88
2008-10-10	4,869
2008-10-09	4,738
2008-10-08	4,659
2008-10-07	4,581
2008-10-06	4,576
2008-10-03	4,724
2008-10-02	4,757
2008-10-01	4,832
2008-09-30	4,896
2008-09-29	4,871
2008-09-26	4,884
2008-09-25	4,915
2008-09-24	4,857
2008-09-23	4,931
2008-09-22	4,941
2008-09-19	4,935
2008-09-18	4,854
2008-09-17	4,777
2008-09-16	4,743
2008-09-15	4,766
2008-09-12	4,838
2008-09-11	4,757
2008-09-10	4,736
2008-09-09	4,731
2008-09-08	4,744
2008-09-05	4,683
2008-09-04	4,715
2008-09-03	4,776
2008-09-02	4,776
2008-09-01	4,769
2008-08-29	4,819
2008-08-28	4,819
2008-08-27	4,822
2008-08-26	4,756
2008-08-25	4,753
2008-08-22	4,831
2008-08-21	4,788
2008-08-20	4,749
2008-08-19	4,799
2008-08-18	4,704
2008-08-14	4,749
2008-08-13	4,752
2008-08-12	4,76
2008-08-11	4,779
2008-08-08	4,764
2008-08-07	4,778
2008-08-06	4,864
2008-08-05	4,851
2008-08-04	4,884
2008-08-01	4,896
2008-07-31	4,903
2008-07-30	4,965
2008-07-29	5,021
2008-07-28	5,047
2008-07-25	5,131
2008-07-24	5,085
2008-07-23	5,165
2008-07-22	5,152
2008-07-21	5,152
2008-07-18	5,111
2008-07-17	4,997
2008-07-16	4,95
2008-07-15	4,942
2008-07-14	4,931
2008-07-11	4,949
2008-07-10	4,932
2008-07-09	4,936
2008-07-08	4,949
2008-07-07	4,955
2008-07-04	5,014
2008-07-03	5,075
2008-07-02	5,169
2008-07-01	5,151
2008-06-30	5,171
2008-06-27	5,092
2008-06-26	5,072
2008-06-25	5,149
2008-06-24	5,149
2008-06-23	5,133
2008-06-20	5,14
2008-06-19	5,179
2008-06-18	5,128
2008-06-17	5,149
2008-06-16	5,178
2008-06-13	5,182
2008-06-12	5,121
2008-06-11	5,081
2008-06-10	5,072
2008-06-09	5,028
2008-06-06	4,914
2008-06-05	4,918
2008-06-04	4,841
2008-06-03	4,881
2008-06-02	4,814
2008-05-30	4,857
2008-05-29	4,885
2008-05-28	4,798
2008-05-27	4,753
2008-05-26	4,727
2008-05-23	4,703
2008-05-22	4,718
2008-05-21	4,692
2008-05-20	4,619
2008-05-19	4,641
2008-05-16	4,593
2008-05-15	4,635
2008-05-14	4,623
2008-05-13	4,543
2008-05-12	4,503
2008-05-09	4,479
2008-05-08	4,518
2008-05-07	4,593
2008-05-06	4,576
2008-05-05	4,59
2008-05-02	4,632
2008-04-30	4,577
2008-04-29	4,601
2008-04-28	4,66
2008-04-25	4,648
2008-04-24	4,672
2008-04-23	4,629
2008-04-22	4,63
2008-04-21	4,589
2008-04-18	4,606
2008-04-17	4,593
2008-04-16	4,571
2008-04-15	4,497
2008-04-14	4,43
2008-04-11	4,404
2008-04-10	4,487
2008-04-09	4,497
2008-04-08	4,511
2008-04-07	4,482
2008-04-04	4,426
2008-04-03	4,464
2008-04-02	4,444
2008-04-01	4,439
2008-03-31	4,421
2008-03-28	4,461
2008-03-27	4,471
2008-03-26	4,434
2008-03-25	4,42
2008-03-20	4,314
2008-03-19	4,322
2008-03-18	4,366
2008-03-17	4,334
2008-03-14	4,36
2008-03-13	4,383
2008-03-12	4,371
2008-03-11	4,395
2008-03-10	4,379
2008-03-07	4,43
2008-03-06	4,413
2008-03-05	4,435
2008-03-04	4,324
2008-03-03	4,327
2008-02-29	4,328
2008-02-28	4,427
2008-02-27	4,515
2008-02-26	4,503
2008-02-25	4,469
2008-02-22	4,417
2008-02-21	4,414
2008-02-20	4,423
2008-02-19	4,379
2008-02-18	4,395
2008-02-15	4,346
2008-02-14	4,378
2008-02-13	4,334
2008-02-12	4,33
2008-02-11	4,25
2008-02-08	4,239
2008-02-07	4,264
2008-02-06	4,28
2008-02-05	4,229
2008-02-04	4,302
2008-02-01	4,285
2008-01-31	4,311
2008-01-30	4,401
2008-01-29	4,38
2008-01-28	4,33
2008-01-25	4,381
2008-01-24	4,404
2008-01-23	4,285
2008-01-22	4,374
2008-01-21	4,282
2008-01-18	4,329
2008-01-17	4,331
2008-01-16	4,346
2008-01-15	4,386
2008-01-14	4,412
2008-01-11	4,462
2008-01-10	4,467
2008-01-09	4,442
2008-01-08	4,493
2008-01-07	4,469
2008-01-04	4,461
2008-01-03	4,511
2008-01-02	4,523
2007-12-31	4,652
2007-12-28	4,656
2007-12-27	4,683
2007-12-24	4,631
2007-12-21	4,642
2007-12-20	4,574
2007-12-19	4,606
2007-12-18	4,602
2007-12-17	4,608
2007-12-14	4,623
2007-12-13	4,596
2007-12-12	4,604
2007-12-11	4,547
2007-12-10	4,57
2007-12-07	4,524
2007-12-06	4,423
2007-12-05	4,393
2007-12-04	4,39
2007-12-03	4,429
2007-11-30	4,484
2007-11-29	4,437
2007-11-28	4,476
2007-11-27	4,403
2007-11-26	4,396
2007-11-23	4,404
2007-11-22	4,4
2007-11-21	4,347
2007-11-20	4,38
2007-11-19	4,359
2007-11-16	4,401
2007-11-15	4,408
2007-11-14	4,428
2007-11-13	4,409
2007-11-12	4,394
2007-11-09	4,386
2007-11-08	4,423
2007-11-07	4,444
2007-11-06	4,47
2007-11-05	4,467
2007-11-02	4,472
2007-11-01	4,501
2007-10-31	4,527
2007-10-30	4,481
2007-10-29	4,462
2007-10-26	4,466
2007-10-25	4,439
2007-10-24	4,419
2007-10-23	4,465
2007-10-22	4,459
2007-10-19	4,501
2007-10-18	4,592
2007-10-17	4,65
2007-10-16	4,683
2007-10-15	4,668
2007-10-12	4,66
2007-10-11	4,63
2007-10-10	4,601
2007-10-09	4,57
2007-10-08	4,597
2007-10-05	4,595
2007-10-04	4,543
2007-10-03	4,591
2007-10-02	4,58
2007-10-01	4,596
2007-09-28	4,601
2007-09-27	4,647
2007-09-26	4,661
2007-09-25	4,606
2007-09-24	4,639
2007-09-21	4,626
2007-09-20	4,613
2007-09-19	4,56
2007-09-18	4,516
2007-09-17	4,455
2007-09-14	4,472
2007-09-13	4,466
2007-09-12	4,432
2007-09-11	4,414
2007-09-10	4,388
2007-09-07	4,435
2007-09-06	4,511
2007-09-05	4,498
2007-09-04	4,557
2007-09-03	4,549
2007-08-31	4,53
2007-08-30	4,535
2007-08-29	4,533
2007-08-28	4,531
2007-08-27	4,561
2007-08-24	4,569
2007-08-23	4,569
2007-08-22	4,595
2007-08-21	4,54
2007-08-20	4,576
2007-08-17	4,584
2007-08-16	4,549
2007-08-14	4,63
2007-08-13	4,646
2007-08-10	4,636
2007-08-09	4,667
2007-08-08	4,702
2007-08-07	4,637
2007-08-06	4,624
2007-08-03	4,615
2007-08-02	4,662
2007-08-01	4,652
2007-07-31	4,659
2007-07-30	4,651
2007-07-27	4,64
2007-07-26	4,632
2007-07-25	4,673
2007-07-24	4,693
2007-07-23	4,701
2007-07-20	4,696
2007-07-19	4,799
2007-07-18	4,8
2007-07-17	4,849
2007-07-16	4,828
2007-07-13	4,857
2007-07-12	4,865
2007-07-11	4,819
2007-07-10	4,817
2007-07-09	4,888
2007-07-06	4,898
2007-07-05	4,867
2007-07-04	4,823
2007-07-03	4,787
2007-07-02	4,743
2007-06-29	4,803
2007-06-28	4,784
2007-06-27	4,765
2007-06-26	4,813
2007-06-25	4,836
2007-06-22	4,868
2007-06-21	4,858
2007-06-20	4,851
2007-06-19	4,83
2007-06-18	4,874
2007-06-15	4,868
2007-06-14	4,852
2007-06-13	4,85
2007-06-12	4,801
2007-06-11	4,759
2007-06-08	4,763
2007-06-07	4,733
2007-06-06	4,652
2007-06-05	4,684
2007-06-04	4,648
2007-06-01	4,654
2007-05-31	4,618
2007-05-30	4,599
2007-05-29	4,6
2007-05-28	4,593
2007-05-25	4,585
2007-05-24	4,567
2007-05-23	4,58
2007-05-22	4,545
2007-05-21	4,53
2007-05-18	4,52
2007-05-17	4,522
2007-05-16	4,512
2007-05-15	4,512
2007-05-14	4,482
2007-05-11	4,426
2007-05-10	4,426
2007-05-09	4,419
2007-05-08	4,408
2007-05-07	4,425
2007-05-04	4,412
2007-05-03	4,445
2007-05-02	4,431
2007-04-30	4,38
2007-04-27	4,447
2007-04-26	4,447
2007-04-24	4,396
2007-04-23	4,406
2007-04-20	4,426
2007-04-19	4,424
2007-04-18	4,38
2007-04-17	4,407
2007-04-16	4,435
2007-04-13	4,453
2007-04-12	4,394
2007-04-11	4,353
2007-04-10	4,331
2007-04-05	4,306
2007-04-04	4,285
2007-04-03	4,315
2007-04-02	4,298
2007-03-30	4,289
2007-03-29	4,285
2007-03-28	4,263
2007-03-27	4,258
2007-03-26	4,241
2007-03-23	4,243
2007-03-22	4,2
2007-03-21	4,176
2007-03-20	4,156
2007-03-19	4,176
2007-03-16	4,152
2007-03-15	4,155
2007-03-14	4,124
2007-03-13	4,14
2007-03-12	4,161
2007-03-09	4,184
2007-03-08	4,157
2007-03-07	4,145
2007-03-06	4,144
2007-03-05	4,145
2007-03-02	4,173
2007-03-01	4,184
2007-02-28	4,195
2007-02-27	4,198
2007-02-26	4,228
2007-02-23	4,275
2007-02-22	4,322
2007-02-21	4,286
2007-02-20	4,293
2007-02-19	4,297
2007-02-16	4,281
2007-02-15	4,273
2007-02-14	4,323
2007-02-13	4,35
2007-02-12	4,304
2007-02-09	4,29
2007-02-08	4,247
2007-02-07	4,236
2007-02-06	4,242
2007-02-05	4,245
2007-02-02	4,277
2007-02-01	4,302
2007-01-31	4,316
2007-01-30	4,331
2007-01-29	4,338
2007-01-26	4,306
2007-01-25	4,287
2007-01-24	4,242
2007-01-23	4,215
2007-01-22	4,209
2007-01-19	4,254
2007-01-18	4,274
2007-01-17	4,249
2007-01-16	4,259
2007-01-15	4,283
2007-01-12	4,291
2007-01-11	4,243
2007-01-10	4,253
2007-01-09	4,239
2007-01-08	4,213
2007-01-05	4,223
2007-01-04	4,176
2007-01-03	4,194
2007-01-02	4,179
2006-12-29	4,202
2006-12-28	4,215
2006-12-27	4,189
2006-12-22	4,148
2006-12-21	4,141
2006-12-20	4,123
2006-12-19	4,13
2006-12-18	4,092
2006-12-15	4,058
2006-12-14	4,042
2006-12-13	4,003
2006-12-12	3,996
2006-12-11	3,999
2006-12-08	3,979
2006-12-07	3,969
2006-12-06	3,943
2006-12-05	3,936
2006-12-04	3,928
2006-12-01	3,917
2006-11-30	3,94
2006-11-29	3,96
2006-11-28	3,946
2006-11-27	3,967
2006-11-24	3,94
2006-11-23	3,985
2006-11-22	3,964
2006-11-21	3,967
2006-11-20	3,972
2006-11-17	3,98
2006-11-16	4,007
2006-11-15	3,997
2006-11-14	3,968
2006-11-13	3,992
2006-11-10	3,966
2006-11-09	3,992
2006-11-08	4,001
2006-11-07	3,983
2006-11-06	4,037
2006-11-03	4,024
2006-11-02	3,991
2006-11-01	3,959
2006-10-31	3,999
2006-10-30	4,059
2006-10-27	4,083
2006-10-26	4,136
2006-10-25	4,167
2006-10-24	4,162
2006-10-23	4,162
2006-10-20	4,121
2006-10-19	4,12
2006-10-18	4,083
2006-10-17	4,066
2006-10-16	4,101
2006-10-13	4,103
2006-10-12	4,078
2006-10-11	4,081
2006-10-10	4,09
2006-10-09	4,047
2006-10-06	4,041
2006-10-05	4,006
2006-10-04	3,984
2006-10-03	4,02
2006-10-02	3,978
2006-09-29	3,993
2006-09-28	3,972
2006-09-27	3,953
2006-09-26	3,942
2006-09-25	3,943
2006-09-22	3,973
2006-09-21	4,04
2006-09-20	4,055
2006-09-19	4,066
2006-09-18	4,111
2006-09-15	4,058
2006-09-14	4,065
2006-09-13	4,065
2006-09-12	4,112
2006-09-11	4,077
2006-09-08	4,062
2006-09-07	4,098
2006-09-06	4,114
2006-09-05	4,069
2006-09-04	4,033
2006-09-01	4,033
2006-08-31	4,047
2006-08-30	4,086
2006-08-29	4,116
2006-08-28	4,082
2006-08-25	4,082
2006-08-24	4,096
2006-08-23	4,114
2006-08-22	4,097
2006-08-21	4,149
2006-08-18	4,182
2006-08-17	4,199
2006-08-16	4,212
2006-08-14	4,283
2006-08-11	4,259
2006-08-10	4,217
2006-08-09	4,216
2006-08-08	4,188
2006-08-07	4,194
2006-08-04	4,194
2006-08-03	4,264
2006-08-02	4,228
2006-08-01	4,226
2006-07-31	4,218
2006-07-28	4,22
2006-07-27	4,247
2006-07-26	4,28
2006-07-25	4,255
2006-07-24	4,248
2006-07-21	4,249
2006-07-20	4,279
2006-07-19	4,278
2006-07-18	4,307
2006-07-17	4,292
2006-07-14	4,284
2006-07-13	4,342
2006-07-12	4,38
2006-07-11	4,342
2006-07-10	4,38
2006-07-07	4,364
2006-07-06	4,412
2006-07-05	4,435
2006-07-04	4,379
2006-07-03	4,391
2006-06-30	4,377
2006-06-29	4,37
2006-06-28	4,401
2006-06-27	4,404
2006-06-26	4,4
2006-06-23	4,391
2006-06-22	4,372
2006-06-21	4,329
2006-06-20	4,309
2006-06-19	4,291
2006-06-16	4,249
2006-06-15	4,26
2006-06-14	4,207
2006-06-13	4,183
2006-06-12	4,227
2006-06-09	4,243
2006-06-08	4,232
2006-06-07	4,317
2006-06-06	4,311
2006-06-05	4,294
2006-06-02	4,251
2006-06-01	4,316
2006-05-31	4,301
2006-05-30	4,253
2006-05-29	4,21
2006-05-26	4,202
2006-05-25	4,199
2006-05-24	4,204
2006-05-23	4,241
2006-05-22	4,218
2006-05-19	4,285
2006-05-18	4,321
2006-05-17	4,365
2006-05-16	4,29
2006-05-15	4,33
2006-05-12	4,393
2006-05-11	4,376
2006-05-10	4,292
2006-05-09	4,335
2006-05-08	4,323
2006-05-05	4,308
2006-05-04	4,337
2006-05-03	4,315
2006-05-02	4,298
2006-04-28	4,273
2006-04-27	4,291
2006-04-26	4,331
2006-04-25	4,327
2006-04-24	4,277
2006-04-21	4,283
2006-04-20	4,26
2006-04-19	4,283
2006-04-18	4,284
2006-04-13	4,275
2006-04-12	4,197
2006-04-11	4,179
2006-04-10	4,192
2006-04-07	4,21
2006-04-06	4,2
2006-04-05	4,16
2006-04-04	4,153
2006-04-03	4,126
2006-03-31	4,068
2006-03-30	4,079
2006-03-29	4,056
2006-03-28	4,019
2006-03-27	3,927
2006-03-24	3,917
2006-03-23	3,957
2006-03-22	3,924
2006-03-21	3,945
2006-03-20	3,941
2006-03-17	3,969
2006-03-16	3,936
2006-03-15	3,967
2006-03-14	3,93
2006-03-13	3,987
2006-03-10	3,959
2006-03-09	3,92
2006-03-08	3,919
2006-03-07	3,875
2006-03-06	3,861
2006-03-03	3,868
2006-03-02	3,86
2006-03-01	3,732
2006-02-28	3,705
2006-02-27	3,748
2006-02-24	3,711
2006-02-23	3,7
2006-02-22	3,634
2006-02-21	3,662
2006-02-20	3,652
2006-02-17	3,664
2006-02-16	3,726
2006-02-15	3,719
2006-02-14	3,71
2006-02-13	3,705
2006-02-10	3,688
2006-02-09	3,694
2006-02-08	3,72
2006-02-07	3,728
2006-02-06	3,7
2006-02-03	3,705
2006-02-02	3,728
2006-02-01	3,747
2006-01-31	3,692
2006-01-30	3,697
2006-01-27	3,699
2006-01-26	3,705
2006-01-25	3,645
2006-01-24	3,585
2006-01-23	3,598
2006-01-20	3,588
2006-01-19	3,549
2006-01-18	3,489
2006-01-17	3,474
2006-01-16	3,48
2006-01-13	3,468
2006-01-12	3,479
2006-01-11	3,499
2006-01-10	3,491
2006-01-09	3,467
2006-01-06	3,471
2006-01-05	3,485
2006-01-04	3,487
2006-01-03	3,531
2006-01-02	3,537
2005-12-30	3,509
2005-12-29	3,533
2005-12-28	3,496
2005-12-27	3,522
2005-12-23	3,524
2005-12-22	3,552
2005-12-21	3,59
2005-12-20	3,54
2005-12-19	3,529
2005-12-16	3,534
2005-12-15	3,56
2005-12-14	3,543
2005-12-13	3,574
2005-12-12	3,593
2005-12-09	3,619
2005-12-08	3,553
2005-12-07	3,58
2005-12-06	3,549
2005-12-05	3,594
2005-12-02	3,578
2005-12-01	3,586
2005-11-30	3,634
2005-11-29	3,641
2005-11-28	3,59
2005-11-25	3,595
2005-11-24	3,58
2005-11-23	3,658
2005-11-22	3,675
2005-11-21	3,675
2005-11-18	3,735
2005-11-17	3,639
2005-11-16	3,624
2005-11-15	3,71
2005-11-14	3,738
2005-11-11	3,716
2005-11-10	3,732
2005-11-09	3,735
2005-11-08	3,659
2005-11-07	3,698
2005-11-04	3,688
2005-11-03	3,667
2005-11-02	3,657
2005-11-01	3,62
2005-10-31	3,595
2005-10-28	3,609
2005-10-27	3,603
2005-10-26	3,577
2005-10-25	3,502
2005-10-24	3,426
2005-10-21	3,422
2005-10-20	3,476
2005-10-19	3,445
2005-10-18	3,475
2005-10-17	3,481
2005-10-14	3,477
2005-10-13	3,471
2005-10-12	3,412
2005-10-11	3,381
2005-10-10	3,357
2005-10-07	3,371
2005-10-06	3,378
2005-10-05	3,364
2005-10-04	3,38
2005-10-03	3,393
2005-09-30	3,349
2005-09-29	3,359
2005-09-28	3,336
2005-09-27	3,334
2005-09-26	3,327
2005-09-23	3,258
2005-09-22	3,226
2005-09-21	3,217
2005-09-20	3,284
2005-09-19	3,296
2005-09-16	3,317
2005-09-15	3,31
2005-09-14	3,296
2005-09-13	3,3
2005-09-12	3,329
2005-09-09	3,256
2005-09-08	3,277
2005-09-07	3,303
2005-09-06	3,284
2005-09-05	3,257
2005-09-02	3,265
2005-09-01	3,271
2005-08-31	3,308
2005-08-30	3,355
2005-08-29	3,356
2005-08-26	3,355
2005-08-25	3,351
2005-08-24	3,376
2005-08-23	3,382
2005-08-22	3,399
2005-08-19	3,406
2005-08-18	3,407
2005-08-17	3,436
2005-08-16	3,439
2005-08-15	3,481
2005-08-12	3,496
2005-08-11	3,545
2005-08-10	3,554
2005-08-09	3,575
2005-08-08	3,572
2005-08-05	3,57
2005-08-04	3,517
2005-08-03	3,514
2005-08-02	3,527
2005-08-01	3,505
2005-07-29	3,451
2005-07-28	3,441
2005-07-27	3,428
2005-07-26	3,446
2005-07-25	3,42
2005-07-22	3,44
2005-07-21	3,498
2005-07-20	3,508
2005-07-19	3,487
2005-07-18	3,464
2005-07-15	3,496
2005-07-14	3,504
2005-07-13	3,467
2005-07-12	3,443
2005-07-11	3,449
2005-07-08	3,399
2005-07-07	3,403
2005-07-06	3,439
2005-07-05	3,43
2005-07-04	3,39
2005-07-01	3,371
2005-06-30	3,35
2005-06-29	3,399
2005-06-28	3,378
2005-06-27	3,326
2005-06-24	3,343
2005-06-23	3,363
2005-06-22	3,352
2005-06-21	3,428
2005-06-20	3,506
2005-06-17	3,504
2005-06-16	3,531
2005-06-15	3,51
2005-06-14	3,423
2005-06-13	3,406
2005-06-10	3,355
2005-06-09	3,344
2005-06-08	3,347
2005-06-07	3,384
2005-06-06	3,443
2005-06-03	3,459
2005-06-02	3,433
2005-06-01	3,459
2005-05-31	3,488
2005-05-30	3,548
2005-05-27	3,541
2005-05-26	3,515
2005-05-25	3,503
2005-05-24	3,508
2005-05-23	3,536
2005-05-20	3,516
2005-05-19	3,493
2005-05-18	3,464
2005-05-17	3,481
2005-05-16	3,481
2005-05-13	3,476
2005-05-12	3,491
2005-05-11	3,483
2005-05-10	3,52
2005-05-09	3,582
2005-05-06	3,611
2005-05-05	3,567
2005-05-04	3,584
2005-05-03	3,548
2005-05-02	3,572
2005-04-29	3,57
2005-04-28	3,568
2005-04-27	3,578
2005-04-26	3,609
2005-04-25	3,608
2005-04-22	3,627
2005-04-21	3,646
2005-04-20	3,62
2005-04-19	3,604
2005-04-18	3,625
2005-04-15	3,653
2005-04-14	3,684
2005-04-13	3,659
2005-04-12	3,687
2005-04-11	3,694
2005-04-08	3,716
2005-04-07	3,688
2005-04-06	3,732
2005-04-05	3,741
2005-04-04	3,729
2005-04-01	3,759
2005-03-31	3,758
2005-03-30	3,81
2005-03-29	3,841
2005-03-24	3,842
2005-03-23	3,872
2005-03-22	3,82
2005-03-21	3,857
2005-03-18	3,829
2005-03-17	3,798
2005-03-16	3,779
2005-03-15	3,821
2005-03-14	3,882
2005-03-11	3,879
2005-03-10	3,888
2005-03-09	3,874
2005-03-08	3,823
2005-03-07	3,782
2005-03-04	3,807
2005-03-03	3,871
2005-03-02	3,89
2005-03-01	3,851
2005-02-28	3,828
2005-02-25	3,825
2005-02-24	3,838
2005-02-23	3,806
2005-02-22	3,811
2005-02-21	3,816
2005-02-18	3,782
2005-02-17	3,694
2005-02-16	3,669
2005-02-15	3,635
2005-02-14	3,61
2005-02-11	3,585
2005-02-10	3,566
2005-02-09	3,562
2005-02-08	3,58
2005-02-07	3,599
2005-02-04	3,613
2005-02-03	3,679
2005-02-02	3,666
2005-02-01	3,653
2005-01-31	3,665
2005-01-28	3,669
2005-01-27	3,715
2005-01-26	3,689
2005-01-25	3,676
2005-01-24	3,671
2005-01-21	3,698
2005-01-20	3,702
2005-01-19	3,652
2005-01-18	3,673
2005-01-17	3,678
2005-01-14	3,693
2005-01-13	3,697
2005-01-12	3,734
2005-01-11	3,733
2005-01-10	3,728
2005-01-07	3,747
2005-01-06	3,766
2005-01-05	3,8
2005-01-04	3,8
2005-01-03	3,79
2004-12-31	3,832
2004-12-30	3,838
2004-12-29	3,862
2004-12-28	3,824
2004-12-27	3,765
2004-12-24	3,746
2004-12-23	3,743
2004-12-22	3,772
2004-12-21	3,769
2004-12-20	3,738
2004-12-17	3,759
2004-12-16	3,714
2004-12-15	3,683
2004-12-14	3,743
2004-12-13	3,747
2004-12-10	3,765
2004-12-09	3,771
2004-12-08	3,797
2004-12-07	3,828
2004-12-06	3,851
2004-12-03	3,893
2004-12-02	3,916
2004-12-01	3,863
2004-11-30	3,88
2004-11-29	3,903
2004-11-26	3,86
2004-11-25	3,86
2004-11-24	3,888
2004-11-23	3,89
2004-11-22	3,907
2004-11-19	3,932
2004-11-18	3,956
2004-11-17	3,912
2004-11-16	3,891
2004-11-15	3,918
2004-11-12	3,922
2004-11-11	3,964
2004-11-10	4,016
2004-11-09	4,013
2004-11-08	4,05
2004-11-05	4,063
2004-11-04	4,003
2004-11-03	4,057
2004-11-02	4,068
2004-11-01	4,028
2004-10-29	4,035
2004-10-28	4,05
2004-10-27	4,005
2004-10-26	3,989
2004-10-25	3,987
2004-10-22	4,022
2004-10-21	4,028
2004-10-20	4,024
2004-10-19	4,074
2004-10-18	4,052
2004-10-15	4,064
2004-10-14	4,053
2004-10-13	4,079
2004-10-12	4,079
2004-10-11	4,122
2004-10-08	4,114
2004-10-07	4,187
2004-10-06	4,163
2004-10-05	4,169
2004-10-04	4,206
2004-10-01	4,195
2004-09-30	4,163
2004-09-29	4,16
2004-09-28	4,12
2004-09-27	4,111
2004-09-24	4,14
2004-09-23	4,116
2004-09-22	4,142
2004-09-21	4,18
2004-09-20	4,176
2004-09-17	4,192
2004-09-16	4,221
2004-09-15	4,232
2004-09-14	4,226
2004-09-13	4,24
2004-09-10	4,229
2004-09-09	4,251
2004-09-08	4,304
2004-09-07	4,322
2004-09-06	4,317
2004-09-03	4,328
2004-09-02	4,252
2004-09-01	4,222
2004-08-31	4,204
2004-08-30	4,245
2004-08-27	4,253
2004-08-26	4,25
2004-08-25	4,262
2004-08-24	4,299
2004-08-23	4,302
2004-08-20	4,249
2004-08-19	4,262
2004-08-18	4,271
2004-08-17	4,253
2004-08-16	4,276
2004-08-13	4,233
2004-08-12	4,256
2004-08-11	4,276
2004-08-10	4,247
2004-08-09	4,261
2004-08-06	4,255
2004-08-05	4,333
2004-08-04	4,358
2004-08-03	4,372
2004-08-02	4,382
2004-07-30	4,401
2004-07-29	4,459
2004-07-28	4,486
2004-07-27	4,48
2004-07-26	4,463
2004-07-23	4,439
2004-07-22	4,444
2004-07-21	4,476
2004-07-20	4,41
2004-07-19	4,392
2004-07-16	4,392
2004-07-15	4,452
2004-07-14	4,452
2004-07-13	4,46
2004-07-12	4,412
2004-07-09	4,426
2004-07-08	4,424
2004-07-07	4,429
2004-07-06	4,45
2004-07-05	4,45
2004-07-02	4,449
2004-07-01	4,505
2004-06-30	4,504
2004-06-29	4,556
2004-06-28	4,558
2004-06-25	4,511
2004-06-24	4,483
2004-06-23	4,542
2004-06-22	4,541
2004-06-21	4,519
2004-06-18	4,53
2004-06-17	4,564
2004-06-16	4,554
2004-06-15	4,521
2004-06-14	4,604
2004-06-11	4,611
2004-06-10	4,587
2004-06-09	4,582
2004-06-08	4,549
2004-06-07	4,57
2004-06-04	4,58
2004-06-03	4,573
2004-06-02	4,571
2004-06-01	4,559
2004-05-31	4,564
2004-05-28	4,517
2004-05-27	4,471
2004-05-26	4,516
2004-05-25	4,545
2004-05-24	4,559
2004-05-21	4,534
2004-05-20	4,548
2004-05-19	4,563
2004-05-18	4,517
2004-05-17	4,495
2004-05-14	4,533
2004-05-13	4,572
2004-05-12	4,552
2004-05-11	4,518
2004-05-10	4,518
2004-05-07	4,529
2004-05-06	4,447
2004-05-05	4,391
2004-05-04	4,388
2004-05-03	4,38
2004-04-30	4,406
2004-04-29	4,429
2004-04-28	4,425
2004-04-27	4,419
2004-04-26	4,415
2004-04-23	4,412
2004-04-22	4,394
2004-04-21	4,398
2004-04-20	4,381
2004-04-19	4,346
2004-04-16	4,344
2004-04-15	4,391
2004-04-14	4,406
2004-04-13	4,382
2004-04-08	4,306
2004-04-07	4,294
2004-04-06	4,319
2004-04-05	4,343
2004-04-02	4,324
2004-04-01	4,202
2004-03-31	4,179
2004-03-30	4,194
2004-03-29	4,207
2004-03-26	4,122
2004-03-25	4,093
2004-03-24	4,104
2004-03-23	4,13
2004-03-22	4,111
2004-03-19	4,132
2004-03-18	4,125
2004-03-17	4,13
2004-03-16	4,166
2004-03-15	4,125
2004-03-12	4,14
2004-03-11	4,144
2004-03-10	4,16
2004-03-09	4,141
2004-03-08	4,158
2004-03-05	4,213
2004-03-04	4,325
2004-03-03	4,353
2004-03-02	4,307
2004-03-01	4,283
2004-02-27	4,282
2004-02-26	4,32
2004-02-25	4,31
2004-02-24	4,319
2004-02-23	4,355
2004-02-20	4,361
2004-02-19	4,343
2004-02-18	4,31
2004-02-17	4,311
2004-02-16	4,34
2004-02-13	4,333
2004-02-12	4,35
2004-02-11	4,345
2004-02-10	4,37
2004-02-09	4,36
2004-02-06	4,37
2004-02-05	4,403
2004-02-04	4,421
2004-02-03	4,336
2004-02-02	4,363
2004-01-30	4,375
2004-01-29	4,401
2004-01-28	4,284
2004-01-27	4,29
2004-01-26	4,306
2004-01-23	4,247
2004-01-22	4,274
2004-01-21	4,293
2004-01-20	4,272
2004-01-19	4,299
2004-01-16	4,297
2004-01-15	4,286
2004-01-14	4,279
2004-01-13	4,273
2004-01-12	4,251
2004-01-09	4,266
2004-01-08	4,353
2004-01-07	4,377
2004-01-06	4,388
2004-01-05	4,458
2004-01-02	4,465
2003-12-31	4,423
2003-12-30	4,426
2003-12-29	4,397
2003-12-24	4,385
2003-12-23	4,382
2003-12-22	4,398
2003-12-19	4,42
2003-12-18	4,392
2003-12-17	4,39
2003-12-16	4,429
2003-12-15	4,438
2003-12-12	4,433
2003-12-11	4,502
2003-12-10	4,481
2003-12-09	4,492
2003-12-08	4,476
2003-12-05	4,47
2003-12-04	4,566
2003-12-03	4,58
2003-12-02	4,592
2003-12-01	4,613
2003-11-28	4,572
2003-11-27	4,571
2003-11-26	4,524
2003-11-25	4,532
2003-11-24	4,518
2003-11-21	4,436
2003-11-20	4,462
2003-11-19	4,482
2003-11-18	4,432
2003-11-17	4,455
2003-11-14	4,481
2003-11-13	4,538
2003-11-12	4,591
2003-11-11	4,592
2003-11-10	4,595
2003-11-07	4,608
2003-11-06	4,575
2003-11-05	4,494
2003-11-04	4,483
2003-11-03	4,517
2003-10-31	4,45
2003-10-30	4,492
2003-10-29	4,453
2003-10-28	4,444
2003-10-27	4,427
2003-10-24	4,398
2003-10-23	4,413
2003-10-22	4,373
2003-10-21	4,394
2003-10-20	4,434
2003-10-17	4,447
2003-10-16	4,426
2003-10-15	4,468
2003-10-14	4,421
2003-10-13	4,413
2003-10-10	4,338
2003-10-09	4,394
2003-10-08	4,332
2003-10-07	4,345
2003-10-06	4,317
2003-10-03	4,361
2003-10-02	4,257
2003-10-01	4,145
2003-09-30	4,141
2003-09-29	4,199
2003-09-26	4,174
2003-09-25	4,226
2003-09-24	4,241
2003-09-23	4,23
2003-09-22	4,249
2003-09-19	4,282
2003-09-18	4,306
2003-09-17	4,299
2003-09-16	4,313
2003-09-15	4,298
2003-09-12	4,273
2003-09-11	4,396
2003-09-10	4,371
2003-09-09	4,422
2003-09-08	4,39
2003-09-05	4,438
2003-09-04	4,478
2003-09-03	4,501
2003-09-02	4,489
2003-09-01	4,355
2003-08-29	4,331
2003-08-28	4,317
2003-08-27	4,35
2003-08-26	4,319
2003-08-25	4,327
2003-08-22	4,333
2003-08-21	4,347
2003-08-20	4,333
2003-08-19	4,282
2003-08-18	4,303
2003-08-15	4,302
2003-08-14	4,357
2003-08-13	4,315
2003-08-12	4,202
2003-08-11	4,216
2003-08-08	4,146
2003-08-07	4,247
2003-08-06	4,286
2003-08-05	4,319
2003-08-04	4,296
2003-08-01	4,349
2003-07-31	4,338
2003-07-30	4,265
2003-07-29	4,242
2003-07-28	4,252
2003-07-25	4,137
2003-07-24	4,205
2003-07-23	4,147
2003-07-22	4,216
2003-07-21	4,223
2003-07-18	4,188
2003-07-17	4,216
2003-07-16	4,176
2003-07-15	4,098
2003-07-14	3,941
2003-07-11	3,97
2003-07-10	3,964
2003-07-09	4,008
2003-07-08	4,02
2003-07-07	4,031
2003-07-04	3,971
2003-07-03	4,013
2003-07-02	3,956
2003-07-01	3,902
2003-06-30	3,899
2003-06-27	3,954
2003-06-26	3,915
2003-06-25	3,746
2003-06-24	3,793
2003-06-23	3,789
2003-06-20	3,813
2003-06-19	3,794
2003-06-18	3,803
2003-06-17	3,72
2003-06-16	3,626
2003-06-13	3,577
2003-06-12	3,635
2003-06-11	3,633
2003-06-10	3,659
2003-06-09	3,704
2003-06-06	3,788
2003-06-05	3,726
2003-06-04	3,788
2003-06-03	3,763
2003-06-02	3,886
2003-05-30	3,846
2003-05-29	3,831
2003-05-28	3,902
2003-05-27	3,813
2003-05-26	3,763
2003-05-23	3,783
2003-05-22	3,843
2003-05-21	3,855
2003-05-20	3,879
2003-05-19	3,891
2003-05-16	3,959
2003-05-15	4,005
2003-05-14	4,043
2003-05-13	4,045
2003-05-12	4,05
2003-05-09	4,069
2003-05-08	4,079
2003-05-07	4,114
2003-05-06	4,225
2003-05-05	4,217
2003-05-02	4,233
2003-04-30	4,23
2003-04-29	4,284
2003-04-28	4,266
2003-04-25	4,239
2003-04-24	4,246
2003-04-23	4,303
2003-04-22	4,262
2003-04-17	4,298
2003-04-16	4,309
2003-04-15	4,353
2003-04-14	4,382
2003-04-11	4,359
2003-04-10	4,298
2003-04-09	4,352
2003-04-08	4,381
2003-04-07	4,416
2003-04-04	4,349
2003-04-03	4,342
2003-04-02	4,289
2003-04-01	4,2
2003-03-31	4,209
2003-03-28	4,301
2003-03-27	4,334
2003-03-26	4,372
2003-03-25	4,384
2003-03-24	4,377
2003-03-21	4,453
2003-03-20	4,365
2003-03-19	4,402
2003-03-18	4,308
2003-03-17	4,326
2003-03-14	4,199
2003-03-13	4,149
2003-03-12	3,995
2003-03-11	3,978
2003-03-10	3,96
2003-03-07	3,997
2003-03-06	4,024
2003-03-05	4,048
2003-03-04	4,068
2003-03-03	4,064
2003-02-28	4,081
2003-02-27	4,135
2003-02-26	4,086
2003-02-25	4,073
2003-02-24	4,08
2003-02-21	4,131
2003-02-20	4,093
2003-02-19	4,118
2003-02-18	4,189
2003-02-17	4,183
2003-02-14	4,178
2003-02-13	4,132
2003-02-12	4,159
2003-02-11	4,201
2003-02-10	4,214
2003-02-07	4,194
2003-02-06	4,223
2003-02-05	4,232
2003-02-04	4,221
2003-02-03	4,283
2003-01-31	4,277
2003-01-30	4,286
2003-01-29	4,248
2003-01-28	4,249
2003-01-27	4,21
2003-01-24	4,202
2003-01-23	4,271
2003-01-22	4,3
2003-01-21	4,313
2003-01-20	4,336
2003-01-17	4,362
2003-01-16	4,447
2003-01-15	4,437
2003-01-14	4,432
2003-01-13	4,452
2003-01-10	4,432
2003-01-09	4,451
2003-01-08	4,433
2003-01-07	4,492
2003-01-06	4,531
2003-01-03	4,552
2003-01-02	4,536
2002-12-31	4,427
2002-12-30	4,434
2002-12-27	4,418
2002-12-24	4,5
2002-12-23	4,498
2002-12-20	4,503
2002-12-19	4,5
2002-12-18	4,494
2002-12-17	4,527
2002-12-16	4,543
2002-12-13	4,517
2002-12-12	4,511
2002-12-11	4,567
2002-12-10	4,588
2002-12-09	4,585
2002-12-06	4,607
2002-12-05	4,638
2002-12-04	4,67
2002-12-03	4,689
2002-12-02	4,729
2002-11-29	4,701
2002-11-28	4,743
2002-11-27	4,75
2002-11-26	4,701
2002-11-25	4,754
2002-11-22	4,73
2002-11-21	4,74
2002-11-20	4,659
2002-11-19	4,679
2002-11-18	4,706
2002-11-15	4,697
2002-11-14	4,717
2002-11-13	4,671
2002-11-12	4,647
2002-11-11	4,685
2002-11-08	4,719
2002-11-07	4,793
2002-11-06	4,87
2002-11-05	4,865
2002-11-04	4,82
2002-11-01	4,807
2002-10-31	4,759
2002-10-30	4,813
2002-10-29	4,764
2002-10-28	4,815
2002-10-25	4,855
2002-10-24	4,901
2002-10-23	4,861
2002-10-22	4,913
2002-10-21	4,889
2002-10-18	4,877
2002-10-17	4,865
2002-10-16	4,879
2002-10-15	4,847
2002-10-14	4,749
2002-10-11	4,715
2002-10-10	4,649
2002-10-09	4,593
2002-10-08	4,596
2002-10-07	4,616
2002-10-04	4,665
2002-10-03	4,687
2002-10-02	4,68
2002-10-01	4,608
2002-09-30	4,577
2002-09-27	4,642
2002-09-26	4,646
2002-09-25	4,621
2002-09-24	4,582
2002-09-23	4,605
2002-09-20	4,652
2002-09-19	4,605
2002-09-18	4,56
2002-09-17	4,592
2002-09-16	4,587
2002-09-13	4,644
2002-09-12	4,681
2002-09-11	4,753
2002-09-10	4,689
2002-09-09	4,637
2002-09-06	4,63
2002-09-05	4,636
2002-09-04	4,657
2002-09-03	4,658
2002-09-02	4,723
2002-08-30	4,797
2002-08-29	4,791
2002-08-28	4,81
2002-08-27	4,886
2002-08-26	4,884
2002-08-23	4,884
2002-08-22	4,918
2002-08-21	4,88
2002-08-20	4,795
2002-08-19	4,842
2002-08-16	4,818
2002-08-15	4,817
2002-08-14	4,677
2002-08-13	4,74
2002-08-12	4,774
2002-08-09	4,801
2002-08-08	4,832
2002-08-07	4,79
2002-08-06	4,856
2002-08-05	4,8
2002-08-02	4,869
2002-08-01	4,935
2002-07-31	4,997
2002-07-30	5,046
2002-07-29	5,035
2002-07-26	4,98
2002-07-25	4,994
2002-07-24	4,977
2002-07-23	5,047
2002-07-22	5,042
2002-07-19	5,068
2002-07-18	5,117
2002-07-17	5,128
2002-07-16	5,099
2002-07-15	5,056
2002-07-12	5,104
2002-07-11	5,124
2002-07-10	5,184
2002-07-09	5,247
2002-07-08	5,246
2002-07-05	5,261
2002-07-04	5,217
2002-07-03	5,176
2002-07-02	5,17
2002-07-01	5,217
2002-06-28	5,188
2002-06-27	5,156
2002-06-26	5,139
2002-06-25	5,217
2002-06-24	5,17
2002-06-21	5,203
2002-06-20	5,207
2002-06-19	5,195
2002-06-18	5,218
2002-06-17	5,246
2002-06-14	5,208
2002-06-13	5,246
2002-06-12	5,31
2002-06-11	5,346
2002-06-10	5,33
2002-06-07	5,354
2002-06-06	5,349
2002-06-05	5,347
2002-06-04	5,354
2002-06-03	5,393
2002-05-31	5,394
2002-05-30	5,365
2002-05-29	5,383
2002-05-28	5,399
2002-05-27	5,417
2002-05-24	5,385
2002-05-23	5,373
2002-05-22	5,39
2002-05-21	5,405
2002-05-20	5,419
2002-05-17	5,49
2002-05-16	5,465
2002-05-15	5,481
2002-05-14	5,494
2002-05-13	5,443
2002-05-10	5,438
2002-05-09	5,432
2002-05-08	5,404
2002-05-07	5,348
2002-05-06	5,358
2002-05-03	5,356
2002-05-02	5,421
2002-04-30	5,364
2002-04-29	5,378
2002-04-26	5,336
2002-04-25	5,354
2002-04-24	5,392
2002-04-23	5,428
2002-04-22	5,396
2002-04-19	5,439
2002-04-18	5,441
2002-04-17	5,431
2002-04-16	5,429
2002-04-15	5,357
2002-04-12	5,394
2002-04-11	5,402
2002-04-10	5,435
2002-04-09	5,425
2002-04-08	5,415
2002-04-05	5,38
2002-04-04	5,386
2002-04-03	5,447
2002-04-02	5,499
2002-03-28	5,497
2002-03-27	5,466
2002-03-26	5,478
2002-03-25	5,515
2002-03-22	5,494
2002-03-21	5,467
2002-03-20	5,455
2002-03-19	5,438
2002-03-18	5,44
2002-03-15	5,463
2002-03-14	5,462
2002-03-13	5,42
2002-03-12	5,405
2002-03-11	5,399
2002-03-08	5,417
2002-03-07	5,425
2002-03-06	5,391
2002-03-05	5,327
2002-03-04	5,273
2002-03-01	5,253
2002-02-28	5,23
2002-02-27	5,244
2002-02-26	5,242
2002-02-25	5,237
2002-02-22	5,184
2002-02-21	5,24
2002-02-20	5,218
2002-02-19	5,208
2002-02-18	5,186
2002-02-15	5,188
2002-02-14	5,225
2002-02-13	5,261
2002-02-12	5,245
2002-02-11	5,214
2002-02-08	5,208
2002-02-07	5,222
2002-02-06	5,12
2002-02-05	5,098
2002-02-04	5,106
2002-02-01	5,154
2002-01-31	5,186
2002-01-30	5,213
2002-01-29	5,237
2002-01-28	5,263
2002-01-25	5,262
2002-01-24	5,171
2002-01-23	5,097
2002-01-22	5,132
2002-01-21	5,085
2002-01-18	5,106
2002-01-17	5,08
2002-01-16	5,043
2002-01-15	5,054
2002-01-14	5,039
2002-01-11	5,109
2002-01-10	5,132
2002-01-09	5,161
2002-01-08	5,109
2002-01-07	5,098
2002-01-04	5,198
2002-01-03	5,168
2002-01-02	5,215
2001-12-31	5,271
2001-12-28	5,268
2001-12-27	5,195
2001-12-24	5,132
2001-12-21	5,123
2001-12-20	5,071
2001-12-19	5,032
2001-12-18	5,081
2001-12-17	5,122
2001-12-14	5,036
2001-12-13	5,047
2001-12-12	5,019
2001-12-11	5,092
2001-12-10	5,152
2001-12-07	5,181
2001-12-06	5,091
2001-12-05	5,032
2001-12-04	4,856
2001-12-03	4,88
2001-11-30	4,916
2001-11-29	4,966
2001-11-28	4,973
2001-11-27	5,029
2001-11-26	4,893
2001-11-23	4,931
2001-11-22	4,965
2001-11-21	4,952
2001-11-20	4,882
2001-11-19	4,876
2001-11-16	4,908
2001-11-15	4,872
2001-11-14	4,805
2001-11-13	4,739
2001-11-12	4,665
2001-11-09	4,665
2001-11-08	4,652
2001-11-07	4,615
2001-11-06	4,676
2001-11-05	4,664
2001-11-02	4,697
2001-11-01	4,621
2001-10-31	4,747
2001-10-30	4,739
2001-10-29	4,789
2001-10-26	4,835
2001-10-25	4,846
2001-10-24	4,907
2001-10-23	4,957
2001-10-22	4,951
2001-10-19	4,982
2001-10-18	4,972
2001-10-17	4,994
2001-10-16	4,987
2001-10-15	5,002
2001-10-12	5,037
2001-10-11	5,063
2001-10-10	5,042
2001-10-09	5,053
2001-10-08	5,002
2001-10-05	5
2001-10-04	5,021
2001-10-03	5,002
2001-10-02	5,057
2001-10-01	5,123
2001-09-28	5,153
2001-09-27	5,136
2001-09-26	5,169
2001-09-25	5,194
2001-09-24	5,265
2001-09-21	5,271
2001-09-20	5,222
2001-09-19	5,21
2001-09-18	5,193
2001-09-17	5,201
2001-09-14	5,164
2001-09-13	5,217
2001-09-12	5,201
2001-09-11	5,16
2001-09-10	5,198
2001-09-07	5,173
2001-09-06	5,213
2001-09-05	5,256
2001-09-04	5,25
2001-09-03	5,141
2001-08-31	5,148
2001-08-30	5,134
2001-08-29	5,167
2001-08-28	5,175
2001-08-27	5,243
2001-08-24	5,249
2001-08-23	5,224
2001-08-22	5,221
2001-08-21	5,199
2001-08-20	5,158
2001-08-17	5,141
2001-08-16	5,194
2001-08-14	5,217
2001-08-13	5,178
2001-08-10	5,183
2001-08-09	5,219
2001-08-08	5,286
2001-08-07	5,285
2001-08-06	5,28
2001-08-03	5,292
2001-08-02	5,31
2001-08-01	5,296
2001-07-31	5,271
2001-07-30	5,296
2001-07-27	5,296
2001-07-26	5,34
2001-07-25	5,361
2001-07-24	5,347
2001-07-23	5,351
2001-07-20	5,354
2001-07-19	5,395
2001-07-18	5,41
2001-07-17	5,434
2001-07-16	5,45
2001-07-13	5,482
2001-07-12	5,468
2001-07-11	5,443
2001-07-10	5,477
2001-07-09	5,506
2001-07-06	5,472
2001-07-05	5,511
2001-07-04	5,516
2001-07-03	5,52
2001-07-02	5,487
2001-06-29	5,498
2001-06-28	5,414
2001-06-27	5,376
2001-06-26	5,385
2001-06-25	5,342
2001-06-22	5,327
2001-06-21	5,341
2001-06-20	5,381
2001-06-19	5,399
2001-06-18	5,376
2001-06-15	5,391
2001-06-14	5,389
2001-06-13	5,441
2001-06-12	5,439
2001-06-11	5,425
2001-06-08	5,447
2001-06-07	5,454
2001-06-06	5,421
2001-06-05	5,394
2001-06-04	5,45
2001-06-01	5,45
2001-05-31	5,547
2001-05-30	5,53
2001-05-29	5,521
2001-05-28	5,553
2001-05-25	5,566
2001-05-24	5,533
2001-05-23	5,514
2001-05-22	5,487
2001-05-21	5,449
2001-05-18	5,446
2001-05-17	5,448
2001-05-16	5,457
2001-05-15	5,441
2001-05-14	5,451
2001-05-11	5,391
2001-05-10	5,316
2001-05-09	5,321
2001-05-08	5,332
2001-05-07	5,338
2001-05-04	5,336
2001-05-03	5,369
2001-05-02	5,408
2001-04-30	5,429
2001-04-27	5,366
2001-04-26	5,298
2001-04-24	5,36
2001-04-23	5,311
2001-04-20	5,343
2001-04-19	5,378
2001-04-18	5,324
2001-04-17	5,296
2001-04-12	5,257
2001-04-11	5,257
2001-04-10	5,178
2001-04-09	5,138
2001-04-06	5,132
2001-04-05	5,186
2001-04-04	5,181
2001-04-03	5,139
2001-04-02	5,147
2001-03-30	5,134
2001-03-29	5,137
2001-03-28	5,111
2001-03-27	5,1
2001-03-26	5,078
2001-03-23	5,055
2001-03-22	5,034
2001-03-21	5,097
2001-03-20	5,134
2001-03-19	5,129
2001-03-16	5,107
2001-03-15	5,156
2001-03-14	5,151
2001-03-13	5,17
2001-03-12	5,14
2001-03-09	5,145
2001-03-08	5,141
2001-03-07	5,179
2001-03-06	5,179
2001-03-05	5,183
2001-03-02	5,161
2001-03-01	5,166
2001-02-28	5,168
2001-02-27	5,176
2001-02-26	5,24
2001-02-23	5,236
2001-02-22	5,262
2001-02-21	5,252
2001-02-20	5,23
2001-02-19	5,196
2001-02-16	5,208
2001-02-15	5,231
2001-02-14	5,17
2001-02-13	5,145
2001-02-12	5,145
2001-02-09	5,156
2001-02-08	5,182
2001-02-07	5,147
2001-02-06	5,149
2001-02-05	5,149
2001-02-02	5,166
2001-02-01	5,17
2001-01-31	5,182
2001-01-30	5,208
2001-01-29	5,233
2001-01-26	5,236
2001-01-25	5,26
2001-01-24	5,26
2001-01-23	5,222
2001-01-22	5,238
2001-01-19	5,214
2001-01-18	5,189
2001-01-17	5,206
2001-01-16	5,232
2001-01-15	5,208
2001-01-12	5,215
2001-01-11	5,152
2001-01-10	5,177
2001-01-09	5,136
2001-01-08	5,096
2001-01-05	5,091
2001-01-04	5,131
2001-01-03	5,128
2001-01-02	5,16
2000-12-29	5,263
2000-12-28	5,316
2000-12-27	5,278
2000-12-22	5,282
2000-12-21	5,275
2000-12-20	5,259
2000-12-19	5,273
2000-12-18	5,217
2000-12-15	5,24
2000-12-14	5,276
2000-12-13	5,308
2000-12-12	5,356
2000-12-11	5,33
2000-12-08	5,326
2000-12-07	5,312
2000-12-06	5,309
2000-12-05	5,337
2000-12-04	5,351
2000-12-01	5,372
2000-11-30	5,37
2000-11-29	5,455
2000-11-28	5,462
2000-11-27	5,497
2000-11-24	5,492
2000-11-23	5,511
2000-11-22	5,509
2000-11-21	5,559
2000-11-20	5,55
2000-11-17	5,559
2000-11-16	5,559
2000-11-15	5,58
2000-11-14	5,57
2000-11-13	5,555
2000-11-10	5,593
2000-11-09	5,607
2000-11-08	5,628
2000-11-07	5,626
2000-11-06	5,615
2000-11-03	5,603
2000-11-02	5,593
2000-11-01	5,576
2000-10-31	5,597
2000-10-30	5,598
2000-10-27	5,602
2000-10-26	5,621
2000-10-25	5,644
2000-10-24	5,61
2000-10-23	5,603
2000-10-20	5,587
2000-10-19	5,594
2000-10-18	5,595
2000-10-17	5,608
2000-10-16	5,604
2000-10-13	5,596
2000-10-12	5,56
2000-10-11	5,564
2000-10-10	5,583
2000-10-09	5,572
2000-10-06	5,595
2000-10-05	5,621
2000-10-04	5,607
2000-10-03	5,616
2000-10-02	5,606
2000-09-29	5,608
2000-09-28	5,632
2000-09-27	5,652
2000-09-26	5,629
2000-09-25	5,656
2000-09-22	5,626
2000-09-21	5,659
2000-09-20	5,709
2000-09-19	5,702
2000-09-18	5,714
2000-09-15	5,669
2000-09-14	5,63
2000-09-13	5,632
2000-09-12	5,649
2000-09-11	5,637
2000-09-08	5,645
2000-09-07	5,609
2000-09-06	5,615
2000-09-05	5,575
2000-09-04	5,555
2000-09-01	5,554
2000-08-31	5,653
2000-08-30	5,664
2000-08-29	5,661
2000-08-28	5,618
2000-08-25	5,6
2000-08-24	5,583
2000-08-23	5,574
2000-08-22	5,582
2000-08-21	5,599
2000-08-18	5,56
2000-08-17	5,578
2000-08-16	5,584
2000-08-15	5,576
2000-08-14	5,53
2000-08-11	5,506
2000-08-10	5,492
2000-08-09	5,522
2000-08-08	5,541
2000-08-07	5,513
2000-08-04	5,542
2000-08-03	5,541
2000-08-02	5,526
2000-08-01	5,512
2000-07-31	5,557
2000-07-28	5,551
2000-07-27	5,527
2000-07-26	5,512
2000-07-25	5,559
2000-07-24	5,583
2000-07-21	5,59
2000-07-20	5,583
2000-07-19	5,631
2000-07-18	5,653
2000-07-17	5,653
2000-07-14	5,643
2000-07-13	5,588
2000-07-12	5,613
2000-07-11	5,571
2000-07-10	5,604
2000-07-07	5,582
2000-07-06	5,64
2000-07-05	5,588
2000-07-04	5,631
2000-07-03	5,632
2000-06-30	5,59
2000-06-29	5,596
2000-06-28	5,649
2000-06-27	5,642
2000-06-26	5,638
2000-06-23	5,646
2000-06-22	5,623
2000-06-21	5,594
2000-06-20	5,515
2000-06-19	5,507
2000-06-16	5,492
2000-06-15	5,566
2000-06-14	5,551
2000-06-13	5,513
2000-06-12	5,55
2000-06-09	5,562
2000-06-08	5,599
2000-06-07	5,512
2000-06-06	5,53
2000-06-05	5,476
2000-06-02	5,497
2000-06-01	5,535
2000-05-31	5,572
2000-05-30	5,605
2000-05-29	5,618
2000-05-26	5,568
2000-05-25	5,633
2000-05-24	5,685
2000-05-23	5,743
2000-05-22	5,774
2000-05-19	5,862
2000-05-18	5,818
2000-05-17	5,791
2000-05-16	5,704
2000-05-15	5,739
2000-05-12	5,75
2000-05-11	5,758
2000-05-10	5,674
2000-05-09	5,694
2000-05-08	5,73
2000-05-05	5,777
2000-05-04	5,772
2000-05-03	5,716
2000-05-02	5,616
2000-04-28	5,581
2000-04-27	5,581
2000-04-26	5,559
2000-04-25	5,612
2000-04-20	5,591
2000-04-19	5,568
2000-04-18	5,528
2000-04-17	5,503
2000-04-14	5,498
2000-04-13	5,473
2000-04-12	5,463
2000-04-11	5,454
2000-04-10	5,441
2000-04-07	5,463
2000-04-06	5,486
2000-04-05	5,43
2000-04-04	5,455
2000-04-03	5,478
2000-03-31	5,507
2000-03-30	5,539
2000-03-29	5,592
2000-03-28	5,556
2000-03-27	5,597
2000-03-24	5,533
2000-03-23	5,48
2000-03-22	5,533
2000-03-21	5,491
2000-03-20	5,512
2000-03-17	5,516
2000-03-16	5,554
2000-03-15	5,609
2000-03-14	5,631
2000-03-13	5,588
2000-03-10	5,634
2000-03-09	5,614
2000-03-08	5,72
2000-03-07	5,705
2000-03-06	5,718
2000-03-03	5,713
2000-03-02	5,781
2000-03-01	5,752
2000-02-29	5,765
2000-02-28	5,754
2000-02-25	5,718
2000-02-24	5,657
2000-02-23	5,702
2000-02-22	5,673
2000-02-21	5,771
2000-02-18	5,845
2000-02-17	5,847
2000-02-16	5,885
2000-02-15	5,805
2000-02-14	5,781
2000-02-11	5,847
2000-02-10	5,852
2000-02-09	5,769
2000-02-08	5,722
2000-02-07	5,772
2000-02-04	5,775
2000-02-03	5,689
2000-02-02	5,722
2000-02-01	5,703
2000-01-31	5,782
2000-01-28	5,895
2000-01-27	5,871
2000-01-26	5,769
2000-01-25	5,75
2000-01-24	5,826
2000-01-21	5,833
2000-01-20	5,832
2000-01-19	5,856
2000-01-18	5,879
2000-01-17	5,801
2000-01-14	5,802
2000-01-13	5,762
2000-01-12	5,792
2000-01-11	5,774
2000-01-10	5,644
2000-01-07	5,667
2000-01-05	5,738
2000-01-04	5,728
2000-01-03	5,729
1999-12-30	5,598
1999-12-29	5,589
1999-12-28	5,576
1999-12-27	5,523
1999-12-24	5,509
1999-12-23	5,498
1999-12-22	5,502
1999-12-21	5,476
1999-12-20	5,499
1999-12-17	5,416
1999-12-16	5,38
1999-12-15	5,268
1999-12-14	5,235
1999-12-13	5,182
1999-12-10	5,181
1999-12-09	5,249
1999-12-08	5,283
1999-12-07	5,224
1999-12-06	5,269
1999-12-03	5,359
1999-12-02	5,386
1999-12-01	5,329
1999-11-30	5,357
1999-11-29	5,437
1999-11-26	5,451
1999-11-25	5,388
1999-11-24	5,397
1999-11-23	5,308
1999-11-22	5,317
1999-11-19	5,291
1999-11-18	5,248
1999-11-17	5,198
1999-11-16	5,117
1999-11-15	5,178
1999-11-12	5,141
1999-11-11	5,202
1999-11-10	5,244
1999-11-09	5,223
1999-11-08	5,173
1999-11-05	5,233
1999-11-04	5,26
1999-11-03	5,343
1999-11-02	5,329
1999-10-29	5,42
1999-10-28	5,492
1999-10-27	5,589
1999-10-26	5,693
1999-10-25	5,712
1999-10-22	5,61
1999-10-21	5,557
1999-10-20	5,685
1999-10-19	5,628
1999-10-18	5,543
1999-10-15	5,658
1999-10-14	5,677
1999-10-13	5,558
1999-10-12	5,573
1999-10-11	5,485
1999-10-08	5,475
1999-10-07	5,466
1999-10-06	5,455
1999-10-05	5,427
1999-10-04	5,397
1999-10-01	5,397
1999-09-30	5,315
1999-09-29	5,335
1999-09-28	5,288
1999-09-27	5,247
1999-09-24	5,234
1999-09-23	5,312
1999-09-22	5,32
1999-09-21	5,35
1999-09-20	5,314
1999-09-17	5,294
1999-09-16	5,371
1999-09-15	5,437
1999-09-14	5,381
1999-09-13	5,353
1999-09-10	5,293
1999-09-09	5,292
1999-09-08	5,341
1999-09-07	5,283
1999-09-06	5,169
1999-09-03	5,198
1999-09-02	5,274
1999-09-01	5,186
1999-08-31	5,15
1999-08-30	5,131
1999-08-27	5,07
1999-08-26	5,005
1999-08-25	5,014
1999-08-24	5,066
1999-08-23	5,053
1999-08-20	5,077
1999-08-19	5,089
1999-08-18	5,114
1999-08-17	5,124
1999-08-16	5,159
1999-08-13	5,144
1999-08-12	5,18
1999-08-11	5,261
1999-08-10	5,3
1999-08-09	5,35
1999-08-06	5,307
1999-08-05	5,256
1999-08-04	5,17
1999-08-03	5,179
1999-08-02	5,195
1999-07-30	5,086
1999-07-29	5,051
1999-07-28	4,958
1999-07-27	4,938
1999-07-26	4,949
1999-07-23	4,914
1999-07-22	4,883
1999-07-21	4,845
1999-07-20	4,952
1999-07-19	5,014
1999-07-16	4,998
1999-07-15	4,988
1999-07-14	4,902
1999-07-13	4,935
1999-07-12	4,967
1999-07-09	4,997
1999-07-08	5,058
1999-07-07	5,031
1999-07-06	4,976
1999-07-05	4,894
1999-07-02	4,884
1999-07-01	4,852
1999-06-30	4,837
1999-06-29	4,827
1999-06-28	4,856
1999-06-25	4,847
1999-06-24	4,893
1999-06-23	4,752
1999-06-22	4,675
1999-06-21	4,611
1999-06-18	4,534
1999-06-17	4,552
1999-06-16	4,555
1999-06-15	4,597
1999-06-14	4,638
1999-06-11	4,666
1999-06-10	4,685
1999-06-09	4,554
1999-06-08	4,541
1999-06-07	4,553
1999-06-04	4,589
1999-06-03	4,534
1999-06-02	4,579
1999-06-01	4,515
1999-05-31	4,447
1999-05-28	4,426
1999-05-27	4,374
1999-05-26	4,321
1999-05-25	4,331
1999-05-24	4,287
1999-05-21	4,317
1999-05-20	4,341
1999-05-19	4,382
1999-05-18	4,359
1999-05-17	4,394
1999-05-14	4,401
1999-05-13	4,27
1999-05-12	4,309
1999-05-11	4,295
1999-05-10	4,271
1999-05-07	4,246
1999-05-06	4,269
1999-05-05	4,22
1999-05-04	4,202
1999-05-03	4,147
1999-04-30	4,144
1999-04-29	4,106
1999-04-28	4,127
1999-04-27	4,106
1999-04-26	4,138
1999-04-23	4,102
1999-04-22	4,092
1999-04-21	4,083
1999-04-20	4,088
1999-04-19	4,145
1999-04-16	4,133
1999-04-15	4,119
1999-04-14	4,084
1999-04-13	4,076
1999-04-12	4,059
1999-04-09	4,091
1999-04-08	4,162
1999-04-07	4,145
1999-04-06	4,175
1999-04-01	4,24
1999-03-31	4,233
1999-03-30	4,301
1999-03-29	4,334
1999-03-26	4,318
1999-03-25	4,224
1999-03-24	4,236
1999-03-23	4,243
1999-03-22	4,209
1999-03-19	4,17
1999-03-18	4,173
1999-03-17	4,198
1999-03-16	4,242
1999-03-15	4,272
1999-03-12	4,269
1999-03-11	4,291
1999-03-10	4,305
1999-03-09	4,344
1999-03-08	4,298
1999-03-05	4,251
1999-03-04	4,424
1999-03-03	4,382
1999-03-02	4,322
1999-03-01	4,32
1999-02-26	4,227
1999-02-25	4,174
1999-02-24	4,095
1999-02-23	4,091
1999-02-22	4,111
1999-02-19	4,118
1999-02-18	4,138
1999-02-17	4,111
1999-02-16	4,133
1999-02-15	4,135
1999-02-12	4,025
1999-02-11	3,98
1999-02-10	3,982
1999-02-09	3,995
1999-02-08	4,049
1999-02-05	3,997
1999-02-04	4,028
1999-02-03	3,955
1999-02-02	3,926
1999-02-01	3,905
1999-01-29	3,885
1999-01-28	3,884
1999-01-27	3,897
1999-01-26	3,907
1999-01-25	3,905
1999-01-22	3,888
1999-01-21	3,907
1999-01-20	3,917
1999-01-19	3,9
1999-01-18	3,921
1999-01-15	3,955
1999-01-14	3,946
1999-01-13	3,945
1999-01-12	3,968
1999-01-11	3,998
1999-01-08	3,936
1999-01-07	3,934
1999-01-05	3,94
1999-01-04	3,94
